股票,2015年4月,2015年5月,2015年6月,2015年7月,2015年8月,2015年9月,2015年10月,2015年11月,2015年12月,2016年1月,2016年2月,2016年3月
万科A,19,13,11,20,30,8,16,8,14,3,2,16
国农科技,0,0,0,0,0,0,0,0,0,0,0,0
世纪星源,0,0,0,0,0,0,0,0,0,0,0,0
深振业A,2,0,1,1,1,0,0,0,0,0,0,2
神州高铁,0,0,1,1,2,1,1,2,1,0,0,0
美丽生态,0,0,0,0,0,0,0,0,0,0,0,0
深物业A,0,0,0,0,0,0,0,0,0,0,0,0
南玻A,6,0,1,1,3,2,3,1,0,0,0,2
沙河股份,0,0,0,0,0,0,0,0,0,0,0,0
深康佳A,0,0,0,0,0,0,0,0,0,0,0,0
深中华A,0,0,0,0,0,0,0,0,0,0,0,0
神州长城,0,0,1,3,1,0,5,1,8,10,1,3
深深宝A,0,0,0,0,0,0,0,0,0,0,0,0
深华发A,0,0,0,0,0,0,0,0,0,0,0,0
深科技,0,0,1,0,0,0,0,0,0,0,0,0
特力A,0,0,0,0,0,0,0,0,0,0,0,0
飞亚达A,4,1,2,0,3,0,3,2,1,0,0,8
深圳能源,1,0,0,0,0,2,0,0,0,1,0,0
深深房A,0,0,0,0,0,0,0,0,0,0,0,0
富奥股份,2,1,1,0,0,0,0,0,0,0,0,0
中粮地产,0,0,0,0,0,0,0,0,0,0,0,0
深桑达A,0,0,0,0,0,0,1,0,0,0,0,0
中国天楹,0,2,1,1,2,0,0,0,0,0,1,5
华联控股,1,0,0,2,2,0,0,0,2,2,5,1
中集集团,5,1,2,2,4,2,3,0,0,0,0,4
宝安地产,0,0,0,0,0,0,0,1,0,0,0,2
中洲控股,2,0,0,0,0,1,1,3,0,0,2,6
中航地产,0,0,0,0,2,0,0,1,1,2,0,5
深纺织A,0,1,0,0,0,0,0,0,0,0,0,0
泛海控股,1,0,1,0,3,0,2,1,2,1,1,0
康达尔,1,1,0,1,3,0,0,0,0,0,0,0
德赛电池,2,3,0,0,1,0,2,2,0,0,0,3
深天马A,1,0,0,1,4,0,1,2,2,2,4,2
方大集团,0,0,0,0,0,0,0,0,0,0,0,2
皇庭国际,0,0,2,2,2,1,0,0,0,2,0,1
深赛格,0,0,1,0,0,0,0,0,0,0,0,1
中金岭南,5,0,0,4,2,0,2,0,0,0,2,3
农产品,5,0,1,0,2,0,1,1,3,0,1,0
深圳华强,0,2,6,4,1,0,3,5,1,0,0,2
中兴通讯,14,2,0,14,11,2,12,14,1,11,3,0
华侨城A,3,0,0,0,6,0,2,0,0,0,0,0
特发信息,1,3,0,0,4,0,1,0,0,0,1,0
海王生物,4,0,3,1,2,0,1,0,0,0,0,0
盐田港,0,0,0,0,0,0,0,0,0,0,0,0
深圳机场,7,1,0,2,2,0,4,3,1,2,4,9
天健集团,4,0,3,3,4,0,3,0,1,0,0,7
广聚能源,0,0,0,0,0,0,0,0,0,0,0,0
中信海直,1,1,0,0,2,1,2,0,2,0,0,6
TCL集团,13,7,1,6,9,1,10,0,5,3,3,1
中成股份,0,0,0,0,0,0,0,0,0,0,0,0
华数传媒,5,2,1,0,2,1,0,2,0,0,0,0
中联重科,1,2,11,0,1,2,0,0,0,2,1,7
常山股份,0,1,0,0,1,2,0,1,0,0,1,0
国际实业,0,0,0,0,0,0,0,0,0,0,0,0
东方市场,0,0,0,0,0,0,0,0,0,0,0,0
美的集团,15,0,5,6,18,3,11,1,3,5,1,37
潍柴动力,2,0,1,0,2,0,0,1,0,0,0,3
许继电气,3,3,0,1,9,3,4,1,0,1,0,11
冀东水泥,15,0,0,0,5,0,2,0,0,1,0,0
金融街,4,0,0,0,1,2,0,3,1,0,0,1
华意压缩,1,0,0,0,1,0,1,0,0,0,0,3
胜利股份,0,0,0,1,0,0,0,2,2,0,4,2
山东地矿,0,0,0,0,0,0,0,0,0,0,0,1
沈阳机床,1,1,0,0,0,0,0,0,0,0,0,0
英特集团,0,0,2,0,0,0,0,2,0,0,0,0
东旭光电,1,0,1,0,1,0,2,1,0,0,5,1
渤海金控,3,4,1,3,2,1,3,2,1,1,0,0
合肥百货,8,0,0,0,4,0,4,0,0,0,0,0
小天鹅A,8,1,0,0,9,0,6,1,3,3,2,10
通程控股,0,0,0,0,1,0,0,0,0,0,0,0
吉林化纤,0,0,0,0,0,0,0,0,0,0,0,0
南京中北,0,0,0,2,1,0,0,0,0,0,0,1
湖北宜化,0,0,0,0,0,0,0,0,0,0,0,0
东阿阿胶,9,0,1,0,13,1,11,5,2,0,1,15
徐工机械,0,0,0,2,0,0,0,0,0,1,0,2
华天酒店,1,1,0,0,0,0,0,0,2,2,0,1
粤高速A,0,0,0,1,0,0,0,0,0,0,0,2
张家界,3,1,0,6,6,1,6,3,0,2,1,24
晨鸣纸业,7,1,2,1,5,0,14,5,1,5,0,15
山东路桥,1,1,2,0,1,0,0,0,0,0,0,4
鄂武商A,7,0,0,0,6,0,1,2,0,0,0,0
海虹控股,3,1,3,0,6,1,3,0,0,0,1,0
中润资源,0,0,0,0,0,0,0,0,0,0,0,0
珠海港,1,0,0,0,0,0,0,0,0,1,0,2
华塑控股,0,0,0,0,0,0,0,0,0,0,0,0
丽珠集团,4,8,0,0,3,0,3,0,1,3,2,8
渝开发,0,0,0,0,0,0,0,0,1,0,0,1
国际医学,7,0,2,1,1,0,2,0,0,1,0,1
荣安地产,0,0,0,0,0,0,0,0,0,0,0,0
四环生物,0,0,0,0,0,0,0,0,0,0,0,0
美菱电器,3,0,1,0,4,0,1,1,1,0,0,3
广州浪奇,0,1,0,1,1,0,1,0,1,0,0,0
岭南控股,0,0,2,0,5,1,0,0,0,0,1,7
红太阳,0,0,0,1,1,0,0,0,0,0,0,0
银润投资,0,0,0,0,0,1,0,2,0,0,0,0
柳工,0,0,0,0,0,0,0,0,0,0,0,0
广弘控股,0,0,0,0,0,0,0,0,0,0,0,0
大冷股份,4,5,6,6,6,0,5,0,5,0,3,6
穗恒运A,0,0,0,0,0,0,0,0,0,0,0,0
万家乐,0,0,0,0,0,0,0,0,1,0,0,0
华映科技,0,0,0,0,0,0,0,0,0,0,0,0
广宇发展,0,0,0,0,0,0,0,0,0,0,0,0
云南白药,11,0,0,0,13,0,2,5,0,0,0,0
粤电力A,2,1,0,1,2,0,0,0,1,0,0,1
中天城投,3,3,2,3,2,0,6,2,0,2,2,1
佛山照明,0,0,0,0,0,0,0,0,0,1,0,0
皖能电力,0,1,1,3,4,0,1,0,0,0,0,3
中原环保,0,0,1,0,1,1,1,0,0,0,0,0
金浦钛业,0,0,0,1,0,1,1,0,0,0,0,0
金圆股份,0,0,0,0,0,1,0,0,0,0,0,0
航天发展,2,0,0,2,0,0,0,1,0,0,1,0
湖南投资,0,0,0,0,0,0,0,0,0,0,0,0
江铃汽车,8,3,1,4,5,2,6,4,1,3,0,9
靖远煤电,1,0,0,0,1,0,0,1,0,0,0,2
泰山石油,0,0,0,0,0,0,0,0,1,0,0,0
神州信息,6,6,4,5,12,1,8,3,5,3,0,5
莱茵体育,1,1,3,8,2,2,5,4,4,4,0,4
万向钱潮,0,0,0,1,0,1,1,0,1,0,1,0
昆百大A,0,0,0,0,0,0,0,0,0,0,0,0
烽火电子,1,1,0,0,0,0,0,0,1,1,0,0
西安民生,0,0,1,0,0,0,2,1,0,0,0,0
渝三峡A,0,0,0,1,0,0,0,0,0,0,0,0
海南海药,4,0,2,0,1,0,1,1,9,2,1,1
海德股份,0,0,0,0,0,0,0,4,1,1,4,1
泸州老窖,13,1,2,4,19,2,11,4,18,6,1,4
苏常柴A,0,0,0,0,0,0,0,0,0,0,0,0
新大洲A,1,0,1,0,0,0,2,0,2,0,0,1
海马汽车,1,0,0,0,0,0,0,0,0,0,0,0
粤宏远A,0,0,0,0,0,0,0,0,0,0,0,0
广东甘化,0,0,0,0,0,0,0,0,0,0,0,0
威孚高科,7,1,1,0,5,1,5,1,0,0,1,1
北部湾港,1,0,0,0,1,0,0,0,0,0,0,0
友利控股,0,0,0,0,0,0,0,0,0,0,0,0
东北电气,0,0,0,0,0,0,0,0,0,0,0,0
金洲慈航,2,1,0,2,0,2,1,1,0,0,3,0
黔轮胎A,0,0,1,0,0,0,0,0,0,0,0,0
太阳能,0,0,0,0,0,0,0,0,0,0,0,0
平潭发展,0,1,2,0,1,0,0,1,0,0,0,0
大通燃气,0,3,1,0,0,0,0,0,1,0,0,1
古井贡酒,6,2,1,1,13,1,6,2,1,0,1,11
东北制药,0,0,0,0,0,0,0,0,0,0,0,1
兴蓉环境,3,0,0,3,1,0,3,0,0,2,0,7
青岛双星,3,0,0,0,1,0,1,1,0,0,0,0
建投能源,1,0,0,0,0,0,0,0,0,0,0,5
韶能股份,2,0,0,0,0,0,0,2,2,0,1,0
盛达矿业,4,2,6,0,1,0,0,0,4,2,0,0
渤海股份,0,2,3,0,0,0,0,0,2,0,0,1
华媒控股,1,0,0,3,5,1,1,1,0,1,0,2
阳光股份,0,0,0,0,1,0,0,0,0,0,0,1
绵世股份,0,0,0,0,0,0,0,0,0,0,0,0
西安旅游,1,0,1,0,2,0,0,0,0,0,1,1
焦作万方,2,0,0,0,0,0,0,0,0,0,0,0
大东海A,0,0,0,1,0,0,0,0,0,0,0,1
湖北金环,0,0,0,0,0,0,2,0,0,0,0,0
海航投资,0,0,1,0,0,0,0,2,0,0,0,1
海螺型材,0,0,0,0,2,0,0,0,0,0,0,2
新华联,0,0,3,1,2,0,1,0,1,0,0,0
吉林敖东,2,0,0,0,0,0,0,0,0,0,0,0
长安汽车,22,3,0,4,9,4,4,12,6,7,5,13
天茂集团,0,0,0,0,0,0,0,0,0,2,0,4
高新发展,0,0,0,0,2,0,1,0,0,0,0,0
顺发恒业,0,0,0,0,0,0,0,0,1,0,0,0
三木集团,0,0,0,0,0,0,0,0,0,0,0,0
英力特,0,0,0,0,0,0,0,0,0,0,0,0
风华高科,0,0,0,0,0,0,0,0,0,0,0,0
茂化实华,1,0,0,0,0,0,0,0,0,0,0,0
万方发展,0,0,1,1,0,0,2,4,1,0,0,0
西王食品,2,0,4,4,8,5,3,0,0,0,0,2
仁和药业,0,0,0,0,0,1,1,0,0,0,0,2
格力电器,25,0,7,2,8,3,2,10,6,2,1,5
泰达股份,0,0,0,0,0,0,0,0,0,0,0,0
金岭矿业,0,0,0,0,1,0,0,0,0,0,0,0
金科股份,3,0,0,0,4,0,1,0,0,1,0,3
长春高新,6,1,1,0,6,1,3,0,0,1,0,8
天夏智慧,0,0,0,0,0,0,0,0,1,0,0,1
永安林业,0,0,0,0,0,0,0,0,0,0,0,0
湖北广电,0,0,0,0,0,0,0,0,0,0,0,2
经纬纺机,0,1,0,0,5,2,3,2,4,2,1,5
美好集团,0,0,0,0,0,0,0,0,0,0,0,0
阳光城,5,2,0,0,2,1,1,0,2,0,1,4
上峰水泥,6,0,0,0,0,2,1,0,3,1,0,0
当代东方,1,3,0,5,3,1,0,1,2,0,0,1
襄阳轴承,0,1,0,0,0,0,0,0,1,0,1,0
山推股份,0,0,0,0,0,0,0,0,0,1,0,0
视觉中国,5,7,2,4,3,2,2,1,2,3,3,0
东方电子,0,0,0,0,0,0,0,0,0,0,0,0
远兴能源,1,0,0,0,0,0,0,0,0,0,0,0
中山公用,1,1,2,0,1,0,0,0,1,1,0,1
华讯方舟,0,0,0,0,0,0,0,1,0,0,0,0
宝新能源,1,0,4,2,0,0,2,0,0,0,0,2
惠天热电,0,0,0,0,0,0,0,0,0,0,0,0
滨海能源,0,0,0,0,0,0,0,0,0,0,0,0
炼石有色,1,0,0,0,0,0,0,1,2,1,0,4
沈阳化工,0,0,0,0,0,0,0,0,0,1,0,0
模塑科技,2,0,0,0,0,0,0,0,0,0,3,3
厦门信达,0,0,1,0,0,1,2,0,0,1,0,1
正虹科技,0,0,0,0,0,0,0,0,0,0,0,0
恒逸石化,2,1,0,1,5,0,0,9,1,2,2,1
浙江震元,1,1,0,0,0,0,0,0,0,0,0,0
河钢股份,4,0,2,0,6,0,1,1,0,0,2,1
天兴仪表,0,0,0,0,0,0,0,0,0,0,0,0
丰乐种业,0,0,0,0,0,0,0,0,0,0,0,0
中兴商业,0,0,0,0,0,0,1,0,0,0,0,0
黑芝麻,8,4,0,1,6,0,1,2,1,2,2,1
苏宁环球,2,4,4,5,5,4,8,6,1,0,0,1
大地传媒,1,1,1,0,0,0,0,0,0,0,0,0
新能泰山,0,0,0,0,0,0,0,0,0,0,0,0
西安饮食,9,2,0,1,2,0,1,0,0,0,1,2
湖南发展,0,0,1,0,1,0,0,4,0,0,0,2
美锦能源,0,0,0,0,0,0,0,0,0,0,0,0
京东方A,4,0,3,3,3,0,0,0,3,0,0,0
鲁泰A,4,0,0,4,8,0,5,0,0,0,0,6
华东科技,0,0,0,0,2,0,3,2,1,1,0,1
燕京啤酒,5,2,0,1,8,0,3,1,1,1,1,0
四川美丰,1,0,0,1,1,0,1,0,0,0,0,1
泰禾集团,7,6,0,3,4,0,2,0,0,2,3,6
振华科技,0,1,2,0,2,0,2,1,0,1,0,0
罗牛山,0,0,0,0,0,0,0,0,0,0,0,0
中房地产,0,0,0,0,1,0,1,0,0,0,0,1
南风化工,0,0,0,0,0,0,0,0,0,0,0,0
中航动控,0,0,0,0,0,0,1,0,0,0,0,0
普洛药业,3,0,0,0,1,0,0,0,0,0,0,0
锌业股份,0,0,0,0,0,0,0,0,1,0,0,0
西藏发展,0,0,0,0,0,0,0,0,0,0,0,0
漳州发展,0,0,0,0,0,0,0,0,0,0,0,0
新华制药,0,0,0,0,0,0,0,0,1,2,0,2
浩物股份,1,1,0,0,1,0,1,0,0,0,0,1
中色股份,7,1,3,3,14,1,0,5,0,5,0,0
中百集团,3,0,1,0,5,0,5,1,1,2,5,7
斯太尔,0,0,0,0,0,0,0,0,1,0,0,0
本钢板材,1,0,1,3,3,0,2,0,0,1,0,0
西藏矿业,0,0,0,0,1,0,0,0,0,0,0,0
漳泽电力,0,0,0,0,0,0,0,0,0,0,0,0
中航飞机,2,2,2,2,5,1,4,2,0,0,0,3
中核科技,0,0,0,0,1,0,1,0,0,0,0,1
新兴铸管,7,2,0,1,2,3,4,0,1,0,0,1
三毛派神,0,0,0,0,0,0,0,0,1,1,0,0
平庄能源,2,0,0,0,1,0,0,0,0,0,0,0
美达股份,1,0,0,0,1,0,0,0,0,0,0,0
武汉中商,0,1,0,0,0,0,1,0,0,0,0,0
北大医药,0,0,0,2,1,0,0,0,0,0,0,0
万年青,4,0,2,0,5,0,0,2,0,0,0,2
华神集团,0,0,0,0,0,0,0,0,0,0,0,0
甘肃电投,0,0,0,0,0,1,0,0,0,0,0,0
盐湖股份,2,0,0,0,2,0,1,0,0,1,2,0
华闻传媒,1,0,0,0,0,2,0,0,0,0,0,0
英洛华,0,0,0,0,0,0,0,0,3,3,0,0
中国武夷,1,0,1,0,2,0,0,0,0,0,0,0
中水渔业,0,0,0,0,0,0,0,0,0,0,0,0
一汽轿车,0,0,0,0,0,0,0,0,0,0,0,0
四川九洲,2,0,0,0,4,2,4,0,0,0,0,1
北京文化,3,4,4,8,5,4,3,2,0,4,5,3
金宇车城,0,0,0,0,0,0,0,0,0,0,0,0
云铝股份,0,0,0,0,0,1,0,0,0,0,0,1
铁岭新城,0,0,0,0,0,0,0,0,0,0,0,0
创维数字,0,3,0,3,4,0,4,0,0,3,3,11
烟台冰轮,0,0,0,0,2,0,1,0,0,0,1,3
智慧农业,8,1,5,0,2,0,0,1,0,0,0,0
岳阳兴长,1,0,0,0,1,0,0,0,0,0,0,0
京山轻机,1,0,0,0,0,1,0,1,0,0,0,0
山东海化,0,0,0,0,0,0,0,0,0,0,0,2
超声电子,0,0,0,0,0,0,0,0,0,0,0,0
太钢不锈,3,0,1,2,3,1,4,2,0,1,0,0
启迪桑德,12,1,4,1,4,7,0,5,1,0,0,0
东莞控股,3,0,0,0,1,0,0,0,0,0,0,0
鲁西化工,0,0,0,0,1,0,0,0,0,0,0,0
贵糖股份,0,0,0,0,0,0,0,0,0,0,0,0
长城动漫,0,1,0,1,0,1,1,0,1,2,1,0
鑫茂科技,1,0,0,0,0,0,0,0,0,0,0,0
秦川机床,1,0,1,0,1,0,0,0,0,0,0,0
财信发展,1,3,2,3,6,5,5,2,2,0,1,0
承德露露,6,1,1,1,6,1,8,0,0,0,0,4
石化机械,1,0,0,0,0,0,0,0,0,0,0,0
五粮液,25,6,0,4,13,0,12,12,10,0,1,28
国风塑业,0,0,0,0,0,0,0,0,0,0,0,0
顺鑫农业,8,0,0,0,0,0,0,0,2,15,3,17
海印股份,9,2,2,3,2,2,2,4,0,2,0,0
银星能源,0,0,0,0,0,0,0,0,0,0,0,0
三湘股份,0,0,0,4,1,1,1,0,0,1,0,0
安凯客车,0,0,0,0,0,0,0,0,0,0,0,0
张裕A,13,3,2,1,11,2,10,5,2,1,2,0
吉电股份,0,0,0,0,0,0,0,0,0,0,0,0
天山股份,2,0,0,0,4,0,1,0,0,1,0,3
云南铜业,0,0,0,0,0,0,0,0,0,0,0,0
潍柴重机,1,0,0,0,0,0,0,0,0,0,0,0
湖北能源,1,1,0,0,1,0,0,0,0,0,0,0
同力水泥,0,0,0,0,1,0,0,0,1,0,0,1
海南高速,0,0,0,0,0,0,0,0,0,0,0,0
中鼎股份,2,0,3,0,1,0,2,1,1,2,0,2
峨眉山A,17,1,7,1,8,0,2,1,1,2,1,9
茂业通信,2,0,0,0,2,0,1,1,0,0,0,0
双汇发展,10,4,0,3,13,1,9,1,8,3,2,18
津滨发展,0,0,0,0,0,0,0,0,0,0,0,0
鞍钢股份,3,1,2,3,3,1,4,4,1,1,1,4
赣能股份,0,0,1,0,0,0,1,0,0,0,0,0
现代投资,2,0,0,0,1,0,0,0,0,0,0,1
新洋丰,12,2,7,2,11,1,10,1,1,4,3,6
云内动力,2,0,0,0,0,1,1,0,0,1,1,0
厦门港务,0,0,0,0,0,0,0,0,0,0,0,0
物产中拓,2,1,0,0,2,2,2,3,1,2,1,0
景峰医药,0,0,0,0,1,1,2,0,0,2,0,4
大亚科技,3,2,2,0,3,2,2,0,0,2,0,7
南宁糖业,5,1,0,0,1,0,3,2,0,0,0,1
山大华特,0,1,3,1,0,0,1,0,0,0,1,1
华北高速,4,0,0,0,4,0,3,0,0,0,0,0
嘉凯城,1,2,1,0,2,1,1,1,0,0,0,0
金陵药业,2,0,0,1,2,0,1,0,0,0,2,2
南方汇通,5,0,0,1,3,1,3,0,1,0,3,5
海信科龙,1,0,0,0,1,0,0,0,0,0,0,4
佳电股份,0,0,1,0,1,0,0,0,0,0,0,0
河北宣工,0,0,0,0,0,0,0,0,0,0,0,0
福星股份,3,0,1,3,4,0,3,3,5,3,1,0
中钢国际,4,7,4,3,0,0,3,6,1,2,0,1
中粮生化,0,0,0,0,0,0,0,0,0,0,0,0
华菱钢铁,2,1,0,6,2,0,3,4,1,0,1,3
四川双马,0,0,0,0,0,0,0,0,0,0,0,0
华西股份,0,0,0,0,0,0,0,2,3,1,0,3
冀中能源,4,0,0,0,3,0,0,2,1,0,0,1
紫光股份,0,3,0,0,1,2,12,0,0,1,1,0
凯迪生态,4,3,0,2,0,0,3,1,2,0,1,0
南天信息,1,0,0,0,0,0,0,0,0,0,0,0
新乡化纤,0,0,0,0,0,0,0,0,0,0,0,0
中国重汽,1,0,0,0,1,0,1,0,0,1,1,2
广济药业,0,0,0,0,0,0,0,0,3,4,1,2
河池化工,0,0,0,0,0,0,0,0,0,0,0,0
欣龙控股,0,0,0,0,0,0,0,0,0,0,0,0
中通客车,2,1,0,1,2,0,0,4,0,2,1,0
东方能源,2,1,2,1,2,0,2,0,1,0,0,1
首钢股份,2,0,0,1,2,2,2,0,0,2,1,0
锡业股份,1,0,0,0,0,0,0,0,0,0,0,0
中南建设,14,5,4,3,6,0,4,0,2,3,1,0
华东医药,3,0,0,0,23,0,10,4,2,0,0,11
天保基建,0,0,0,0,0,0,0,0,0,0,0,0
长源电力,0,0,0,0,1,0,0,0,0,0,0,0
盈峰环境,0,0,0,0,0,0,0,0,2,1,3,2
安泰科技,3,0,2,1,2,0,1,0,0,0,0,0
中科三环,3,1,4,5,4,1,3,0,0,1,0,5
高升控股,2,1,0,8,2,3,0,1,3,4,4,6
佛塑科技,0,0,4,0,0,0,0,0,0,0,1,0
银泰资源,1,1,1,0,2,0,0,1,0,0,1,1
浪潮信息,2,0,0,1,4,1,0,0,0,0,0,0
桂林旅游,9,2,3,3,7,1,3,2,0,3,1,12
中弘股份,0,0,0,0,0,0,0,0,0,0,0,0
西山煤电,6,0,0,1,0,0,1,0,0,1,6,0
大庆华科,0,0,0,0,0,0,0,0,0,0,0,0
广州友谊,2,3,1,0,2,0,1,5,0,0,0,2
华工科技,0,0,0,0,0,0,0,0,0,0,0,5
九芝堂,0,0,0,0,0,0,0,0,0,0,0,0
闽东电力,1,0,0,0,0,0,0,1,0,1,0,0
新大陆,6,5,1,5,5,1,11,1,0,3,1,3
隆平高科,11,4,3,6,11,2,6,0,4,3,4,0
华润三九,5,0,1,0,7,0,3,0,0,0,0,6
宗申动力,2,2,1,0,0,0,0,2,2,1,0,0
豫能控股,0,0,0,0,0,0,0,0,0,0,0,0
新和成,0,0,0,0,0,0,0,0,0,0,1,5
鸿达兴业,11,4,2,0,2,1,1,11,3,0,1,4
伟星股份,3,0,0,0,1,0,5,2,0,1,1,3
华邦健康,4,0,2,2,6,1,1,2,7,1,0,0
德豪润达,0,0,1,0,1,0,0,0,0,0,0,0
精功科技,0,0,0,1,0,0,1,4,0,0,1,1
华兰生物,3,1,3,0,9,1,8,1,3,4,2,20
大族激光,5,0,5,1,4,1,6,1,2,8,3,4
天奇股份,4,0,0,2,1,2,8,1,0,2,3,1
传化股份,0,0,1,2,4,2,0,2,3,4,1,10
盾安环境,3,0,3,4,3,0,4,1,4,1,8,2
凯恩股份,0,0,0,0,0,0,0,0,0,0,0,0
中航机电,2,0,1,8,5,0,5,2,2,3,0,0
世荣兆业,2,0,0,0,0,0,0,1,0,1,0,2
东信和平,0,0,0,0,0,0,0,0,0,0,0,0
亿帆鑫富,2,0,3,2,4,0,1,1,3,2,0,5
中捷资源,0,0,0,0,1,0,1,0,0,0,0,1
科华生物,4,3,5,2,3,5,6,3,1,0,1,1
海特高新,3,1,1,3,4,1,5,0,0,1,0,6
苏宁云商,16,10,0,10,12,2,1,5,1,1,3,7
航天电器,1,0,0,0,2,0,2,0,0,0,0,0
山东威达,0,0,0,0,0,0,0,0,5,3,3,1
分众传媒,0,0,0,0,0,1,0,1,0,0,1,1
思源电气,4,0,0,1,1,0,2,0,0,4,0,3
七匹狼,13,1,0,1,4,0,8,0,0,0,1,0
达安基因,0,0,0,2,1,0,2,2,0,0,1,1
巨轮智能,3,0,1,0,1,0,0,0,0,0,0,0
苏泊尔,3,0,0,0,2,1,5,1,2,1,6,7
丽江旅游,11,1,1,2,8,2,5,2,3,3,4,12
美欣达,0,1,2,0,0,0,0,0,0,2,0,0
华帝股份,6,0,0,0,4,2,5,2,0,1,3,0
联创电子,0,0,0,0,0,0,0,0,0,0,0,0
久联发展,2,2,0,1,4,0,3,0,0,0,0,0
双鹭药业,6,2,0,0,5,0,0,0,0,0,0,0
黔源电力,0,0,0,0,1,0,0,0,2,0,0,4
登海种业,13,1,1,1,8,1,5,1,0,0,3,2
华孚色纺,2,2,0,5,8,0,7,3,6,1,2,11
国光电器,0,0,0,1,1,0,2,2,0,0,0,0
轴研科技,0,0,0,0,0,0,0,0,0,0,0,0
宝鹰股份,4,2,0,0,3,1,3,0,3,3,2,5
宁波华翔,2,2,0,1,2,0,0,0,0,2,1,3
同方国芯,10,6,2,4,10,0,8,6,0,0,1,4
三花股份,3,0,0,0,1,0,0,3,1,0,3,1
中工国际,5,0,0,0,4,0,7,0,1,5,1,14
云南盐化,0,1,0,0,4,0,1,0,0,0,1,3
德美化工,3,0,0,0,1,0,0,0,0,0,0,0
得润电子,6,3,2,10,3,0,1,10,2,2,5,7
横店东磁,2,1,1,1,2,0,0,1,0,1,0,3
威尔泰,0,0,0,0,0,0,1,0,0,0,0,0
云南旅游,6,1,0,0,3,0,3,0,7,1,0,0
粤水电,0,0,0,0,1,0,1,1,0,0,0,2
宏润建设,1,0,0,4,3,0,3,0,0,0,0,1
远光软件,5,0,1,1,1,0,0,2,1,0,0,1
华峰氨纶,1,0,0,0,0,0,0,0,0,0,0,0
东华软件,8,9,0,3,3,1,1,1,1,0,0,0
瑞泰科技,0,0,0,0,0,0,0,0,0,0,0,0
景兴纸业,0,0,0,0,0,0,1,0,0,0,0,0
黑猫股份,0,0,0,0,0,0,0,0,0,0,0,1
长城影视,1,2,2,2,3,0,1,1,0,0,0,1
软控股份,1,1,1,2,1,1,1,2,1,1,0,2
国轩高科,5,0,0,4,9,0,8,6,1,5,18,28
雪莱特,1,0,1,0,2,1,1,1,0,0,3,3
大港股份,1,5,0,0,1,1,1,0,1,1,0,0
太阳纸业,1,0,0,0,2,0,2,0,0,0,4,2
苏州固锝,0,0,1,0,1,1,1,0,0,0,0,0
金螳螂,10,0,8,7,7,6,11,5,6,7,6,1
孚日股份,0,0,1,1,1,0,0,0,0,0,0,1
海鸥卫浴,2,2,5,1,2,0,1,1,0,1,1,1
万丰奥威,1,0,1,5,7,2,3,1,5,2,4,4
东方海洋,1,0,0,0,0,0,1,0,0,2,1,0
新野纺织,0,0,0,0,0,0,1,0,0,0,0,0
鲁阳节能,0,0,0,0,1,2,0,0,0,0,1,0
新海宜,7,5,4,2,4,5,7,0,2,1,0,1
金智科技,1,0,0,0,0,0,2,2,0,0,2,7
中泰化学,0,0,0,0,2,0,1,0,0,0,1,3
国脉科技,0,1,0,0,0,0,0,0,1,0,0,1
青岛金王,4,0,0,3,3,0,4,3,11,4,10,2
生意宝,2,0,0,0,0,0,0,0,0,0,0,0
南岭民爆,0,0,0,0,0,0,0,0,0,0,0,0
山河智能,0,0,0,0,0,0,0,1,1,2,0,1
浔兴股份,2,0,1,0,1,0,2,0,0,0,1,1
海翔药业,1,1,0,0,2,1,0,0,0,2,0,0
天康生物,14,1,0,0,6,0,1,2,1,0,2,3
广东鸿图,1,1,0,0,1,0,0,1,0,0,1,1
恒宝股份,0,5,1,0,3,0,3,0,1,0,1,2
信隆实业,0,0,0,0,0,0,0,0,0,0,0,1
沃华医药,0,0,0,1,0,0,0,0,0,0,0,0
沧州明珠,6,1,0,2,1,1,12,0,0,15,4,14
威海广泰,4,2,1,2,1,1,4,3,2,0,3,4
天润控股,0,0,0,1,0,0,0,0,0,0,0,0
罗平锌电,0,0,0,0,0,0,0,0,0,0,0,0
三维通信,6,0,0,0,3,1,3,3,0,2,1,3
中国海诚,3,0,0,2,4,0,10,1,0,1,2,1
东港股份,5,3,6,3,19,0,8,1,17,11,5,11
紫鑫药业,0,0,0,0,0,0,0,0,0,0,0,0
康强电子,0,0,0,0,0,0,0,0,0,0,0,0
新海股份,0,0,0,0,0,0,0,0,0,0,0,0
科陆电子,3,3,5,1,3,0,4,1,5,1,2,0
天马股份,0,0,0,0,1,0,0,0,0,0,0,0
荣信股份,0,0,0,0,2,1,2,2,2,1,4,1
天邦股份,8,2,1,0,4,0,4,0,1,1,3,4
湘潭电化,1,5,4,0,1,0,0,2,3,2,1,1
银轮股份,5,1,0,2,1,1,0,8,4,1,2,5
露天煤业,0,0,0,0,0,0,0,0,0,0,0,3
中环股份,3,1,0,0,1,1,2,1,0,0,0,0
沃尔核材,0,0,0,1,0,0,0,0,0,1,0,1
恒星科技,1,0,1,1,3,0,1,1,0,1,0,1
广宇集团,1,0,0,0,0,0,0,2,1,0,0,0
东南网架,0,0,0,0,1,0,1,0,0,0,0,0
安纳达,0,0,0,0,0,0,0,0,0,0,0,0
顺络电子,0,0,0,0,2,0,4,1,1,1,3,4
拓邦股份,2,1,4,2,3,1,2,0,0,0,1,1
东华科技,1,0,0,0,0,0,0,3,1,0,0,2
蓉胜超微,0,0,0,0,0,0,0,0,0,0,1,3
印纪传媒,1,0,0,0,0,0,0,0,1,0,0,2
宏达高科,0,0,0,0,0,0,0,0,0,0,0,0
中核钛白,0,0,0,0,0,0,0,0,1,0,0,0
荣盛发展,3,0,1,2,9,5,9,3,1,0,1,0
北纬通信,1,0,0,1,0,0,0,0,0,0,0,0
西部材料,0,0,0,0,0,0,2,0,1,0,0,2
通润装备,0,0,0,0,0,0,0,0,0,0,0,0
北斗星通,0,0,1,0,0,2,0,0,0,0,0,1
广电运通,3,1,2,2,5,2,0,4,3,0,0,10
石基信息,4,4,0,4,5,2,4,3,3,0,0,5
报喜鸟,8,4,4,4,3,1,3,2,0,1,0,0
湖南黄金,0,0,0,0,1,0,0,0,0,1,0,1
通富微电,4,2,1,3,7,0,0,0,0,0,0,0
正邦科技,6,4,6,5,8,1,5,1,1,0,4,10
汉钟精机,0,0,0,2,2,0,2,0,0,0,0,2
三特索道,2,1,2,8,7,3,2,2,2,3,2,9
常铝股份,0,1,2,2,0,1,1,0,2,0,3,1
远望谷,2,1,0,1,1,1,0,0,0,1,0,0
悦心健康,0,0,0,0,0,0,0,0,0,0,0,0
宁波东力,0,0,0,0,0,0,0,0,0,0,0,0
红宝丽,0,0,1,1,3,0,0,0,0,2,0,3
莱茵生物,0,0,0,0,0,0,0,0,0,0,0,0
东方锆业,1,0,1,0,0,0,0,0,0,0,0,0
深圳惠程,0,0,0,0,0,0,0,0,0,0,0,0
智光电气,4,4,3,3,0,0,0,0,7,4,4,9
芭田股份,14,10,0,11,0,0,3,1,0,0,0,0
楚江新材,1,2,1,2,0,0,0,1,0,1,5,2
澳洋科技,2,1,0,1,2,2,4,5,1,2,2,4
东方网络,1,1,0,0,1,0,1,0,3,0,0,0
江特电机,2,0,0,0,1,0,1,1,1,0,0,4
御银股份,4,0,0,0,1,0,1,0,0,0,1,0
延华智能,4,2,0,0,4,0,2,0,0,0,0,2
中航光电,5,2,1,6,6,1,5,3,0,0,2,5
艾派克,0,0,0,0,0,1,10,4,4,1,1,3
粤传媒,1,0,0,0,0,0,0,0,0,0,0,0
云海金属,1,0,0,1,0,0,0,0,1,2,0,0
怡亚通,6,5,2,1,5,0,5,0,0,1,5,2
海得控制,3,0,0,3,0,0,0,0,1,2,1,5
华天科技,0,0,0,0,7,1,4,2,0,1,0,1
全聚德,1,0,0,1,5,1,2,0,1,0,1,5
广百股份,3,0,0,0,1,1,1,0,0,0,0,0
巴士在线,0,0,0,1,0,0,0,0,1,2,0,2
利达光电,0,0,0,0,0,0,0,0,0,0,0,0
成飞集成,0,0,0,0,0,0,0,0,1,1,1,0
山东如意,0,0,0,1,0,0,0,0,0,0,0,1
武汉凡谷,5,0,1,1,1,0,0,0,0,0,0,1
二三四五,1,1,1,1,3,0,1,0,0,1,0,1
方正电机,0,0,0,2,5,4,5,1,0,5,5,11
证通电子,1,1,0,0,0,0,0,0,0,0,0,0
嘉应制药,1,0,0,0,0,0,0,0,0,0,0,0
云投生态,0,1,1,0,2,1,2,2,0,5,8,3
金风科技,8,1,2,4,10,0,7,2,0,1,1,7
大连重工,0,0,0,0,0,0,0,0,0,0,0,0
国统股份,0,0,1,0,0,0,0,0,0,0,0,0
海利得,7,1,5,2,9,1,9,3,1,2,1,2
合肥城建,4,2,0,0,0,0,0,0,1,0,0,2
特尔佳,0,0,0,0,0,0,0,0,1,0,0,0
大立科技,1,0,0,0,0,0,2,0,0,0,0,0
诺普信,12,4,0,4,6,0,6,4,2,0,0,0
三全食品,6,6,2,8,7,1,5,3,1,4,3,1
拓日新能,1,0,0,1,1,0,1,0,0,1,1,2
天宝股份,0,0,0,0,0,0,0,0,0,0,0,0
东华能源,5,6,1,1,0,1,0,0,0,0,1,3
福晶科技,0,0,0,0,0,0,0,0,0,0,0,0
鱼跃医疗,13,9,4,4,8,1,8,2,0,0,1,0
三力士,4,0,0,0,0,0,0,1,2,11,4,5
濮耐股份,3,0,0,0,0,0,0,0,0,0,0,0
江南化工,0,0,0,1,1,1,0,0,1,0,0,1
奥特迅,1,1,0,0,1,0,0,0,0,0,0,0
鸿博股份,0,0,0,0,0,0,1,0,1,1,1,5
科大讯飞,12,0,2,1,8,0,9,0,5,0,4,12
启明信息,0,0,1,0,0,0,0,0,0,0,0,0
塔牌集团,3,0,0,0,8,0,1,0,0,0,0,3
大华股份,7,3,2,10,11,4,13,0,0,2,9,7
恒邦股份,0,0,0,1,0,0,0,0,0,0,0,0
天威视讯,1,0,0,0,1,0,0,0,1,0,0,1
歌尔声学,4,0,1,0,4,2,2,1,1,5,2,9
九阳股份,2,0,0,0,2,1,3,2,0,0,0,10
通产丽星,0,1,1,0,6,0,6,0,0,0,0,1
滨江集团,7,1,6,0,5,2,5,0,1,2,1,2
澳洋顺昌,0,1,0,0,2,0,1,0,0,1,2,0
北化股份,0,0,0,0,0,0,0,0,0,0,0,0
大洋电机,0,0,7,10,2,1,10,0,2,7,1,13
联化科技,21,1,0,9,0,0,9,3,1,0,7,2
步步高,10,3,16,6,9,2,2,7,2,0,2,0
上海莱士,1,1,0,2,2,1,1,0,0,1,1,1
川大智胜,5,0,0,0,5,0,2,0,0,0,1,7
泰和新材,3,0,0,0,3,0,1,0,0,0,0,1
海陆重工,1,2,0,1,3,0,0,0,0,0,1,2
彩虹精化,3,0,4,6,1,2,0,5,4,0,2,8
利尔化学,1,0,0,2,0,1,0,0,0,0,0,0
升达林业,0,0,0,0,0,0,0,0,4,0,1,0
德奥通航,0,0,0,0,0,0,0,0,1,2,0,2
拓维信息,6,1,1,0,4,0,3,0,2,1,4,0
恩华药业,1,0,1,6,0,1,5,0,0,0,6,2
大东南,0,0,0,0,0,0,0,1,0,0,0,0
新华都,0,1,0,0,0,0,0,0,0,0,0,0
西仪股份,0,0,0,0,0,0,0,0,0,0,0,0
浙富控股,0,2,1,1,2,0,0,0,1,0,1,0
陕天然气,2,1,0,0,1,0,0,0,0,0,0,1
卫士通,5,1,0,1,9,2,1,1,1,0,1,5
美邦服饰,4,0,0,1,2,0,0,0,0,0,0,0
法因数控,0,0,0,0,0,0,0,0,0,0,0,0
东方雨虹,5,7,0,3,9,1,9,1,0,0,5,3
水晶光电,0,0,0,0,1,0,1,0,0,2,0,2
华昌化工,0,1,1,0,1,0,0,0,0,0,0,0
桂林三金,2,2,1,0,1,0,1,0,0,0,0,1
万马股份,4,3,4,3,4,0,3,0,2,2,2,0
友阿股份,7,0,0,0,3,2,4,0,1,0,0,0
神开股份,1,0,0,0,0,0,0,0,0,0,0,0
久其软件,4,1,1,3,1,0,0,0,0,0,3,1
联络互动,1,0,0,7,1,1,1,8,5,2,8,4
光迅科技,4,0,0,0,4,0,4,3,1,6,2,7
博深工具,0,0,0,0,0,0,0,0,0,1,0,1
天润曲轴,1,0,0,0,0,0,0,0,0,3,2,0
亚太股份,0,9,7,6,0,1,2,2,5,22,7,14
世联行,10,5,5,14,10,0,10,1,5,7,17,8
奇正藏药,5,0,0,0,4,0,0,1,1,0,0,0
超华科技,0,0,0,0,0,0,0,0,0,0,0,0
禾盛新材,0,0,0,1,0,0,1,0,0,0,0,0
星期六,1,1,0,0,0,0,1,0,0,1,0,0
奥飞娱乐,9,5,0,0,14,0,4,8,3,7,2,10
罗莱生活,21,8,1,2,7,3,7,1,1,0,2,5
信立泰,8,1,0,1,4,0,2,1,1,1,7,7
精艺股份,0,0,0,0,0,0,0,0,0,1,0,2
辉煌科技,1,0,0,0,2,0,2,2,3,1,3,1
博云新材,1,0,0,0,0,0,0,0,0,0,0,0
中电鑫龙,0,0,4,3,0,1,3,1,1,0,0,3
圣农发展,7,0,3,5,10,2,2,13,4,9,8,3
太阳电缆,0,0,0,0,0,0,0,0,0,0,0,0
西部建设,0,0,2,0,2,0,1,0,0,0,0,3
美盈森,9,8,0,2,4,0,0,4,0,2,4,7
洋河股份,12,8,3,0,11,2,8,3,0,0,8,2
南国置业,1,3,3,1,7,0,3,0,1,0,0,0
北新路桥,0,0,0,0,1,0,0,0,0,0,0,0
威创股份,0,0,0,0,0,0,2,3,0,10,7,4
中利科技,6,0,0,2,3,4,5,5,1,2,2,1
海大集团,12,5,1,10,0,0,6,0,1,2,8,12
三泰控股,3,6,7,6,9,2,4,2,2,0,0,0
南山控股,0,0,1,0,0,0,0,0,0,0,0,0
焦点科技,5,0,2,0,1,0,1,0,0,0,0,0
众生药业,7,0,1,1,5,0,2,0,0,0,3,2
久立特材,2,1,0,3,6,2,4,2,2,0,3,6
乐通股份,0,0,0,0,0,0,0,0,0,0,0,0
华英农业,5,0,2,1,4,1,2,0,1,6,4,2
理工环科,3,0,1,0,1,1,2,3,1,3,3,7
雅百特,0,0,0,2,1,1,1,3,1,0,3,5
普利特,3,0,1,2,2,1,3,1,0,1,0,5
洪涛股份,6,0,0,0,1,3,1,5,1,0,4,4
永太科技,4,6,2,3,1,0,1,0,0,0,0,0
富安娜,18,7,2,2,12,2,8,1,0,0,3,2
新朋股份,0,0,0,0,0,0,0,1,0,0,0,0
皇氏集团,0,4,4,0,4,0,3,2,5,2,6,10
得利斯,2,0,1,0,0,0,0,2,0,0,0,0
皖通科技,1,0,2,0,1,0,0,0,0,0,0,0
仙琚制药,1,0,0,0,0,0,0,0,1,0,0,2
罗普斯金,2,1,0,0,1,0,0,0,0,0,0,0
英威腾,3,0,1,2,2,0,1,0,1,0,0,5
科华恒盛,6,2,0,1,1,2,3,2,2,4,3,8
赛象科技,0,1,0,0,0,0,0,0,0,0,0,0
奥普光电,0,0,0,0,0,0,0,0,0,1,0,0
积成电子,4,3,7,1,3,0,1,1,0,1,0,0
格林美,3,0,0,4,1,1,4,4,0,1,0,1
新纶科技,2,0,0,0,1,0,0,0,1,1,7,2
巨力索具,0,0,0,0,0,0,0,0,0,1,0,0
慈文传媒,3,0,0,3,0,1,4,8,0,0,2,0
海宁皮城,7,9,0,3,7,0,5,0,3,1,3,1
泰尔重工,0,0,1,0,0,0,0,1,1,0,1,0
高乐股份,0,1,1,0,0,0,0,3,0,1,0,0
北京科锐,2,1,1,0,3,1,1,0,0,0,0,0
漫步者,0,2,2,0,2,1,0,1,0,0,0,0
鼎泰新材,0,0,0,0,0,0,0,0,0,0,0,0
杰瑞股份,7,0,0,0,2,0,1,2,0,0,0,1
天神娱乐,5,0,0,1,3,0,8,1,0,0,0,3
兴民钢圈,0,0,0,0,1,0,0,2,1,2,1,1
浩宁达,0,0,0,0,0,0,0,0,0,0,0,0
富临运业,0,0,0,0,1,0,0,0,0,0,1,0
森源电气,10,0,10,4,0,0,0,1,0,0,0,0
齐星铁塔,0,0,0,0,0,0,0,0,0,0,0,0
同德化工,0,0,0,0,0,0,0,0,0,0,0,0
神剑股份,0,2,1,0,2,0,0,0,0,0,0,0
汉王科技,0,0,0,1,0,0,0,0,0,0,0,0
隆基机械,2,0,3,0,3,0,2,0,0,2,0,0
中恒电气,6,0,3,3,3,1,8,2,7,2,5,12
永安药业,0,2,3,2,4,1,2,0,0,1,0,1
台海核电,1,2,1,0,0,1,1,1,0,0,0,1
康力电梯,4,1,0,0,2,3,4,1,0,0,2,9
七星电子,0,0,0,0,0,0,0,0,1,3,0,4
伟星新材,17,2,1,4,9,1,9,0,0,0,6,1
千方科技,6,4,2,6,8,2,5,4,1,0,3,1
丽鹏股份,2,0,0,1,0,0,0,0,0,1,0,0
亚厦股份,12,5,1,16,8,0,3,5,2,3,5,1
新北洋,0,0,3,0,2,1,2,0,2,0,1,0
国创高新,0,0,0,0,0,0,0,0,0,0,0,0
章源钨业,1,1,0,2,1,0,0,0,0,0,0,0
科远股份,2,4,1,3,9,0,5,4,9,3,4,10
双箭股份,3,1,0,4,1,0,2,2,0,2,0,4
蓝帆医疗,0,0,0,0,0,0,0,0,2,0,1,0
大北农,16,6,0,9,10,0,8,0,1,0,8,3
天原集团,0,0,0,0,0,0,0,0,0,0,0,0
黑牛食品,3,0,3,1,1,1,0,0,1,0,0,0
新亚制程,0,0,0,0,0,0,0,0,0,0,0,0
南洋科技,0,0,0,0,1,1,3,0,1,0,2,0
信邦制药,5,4,7,2,3,0,0,2,1,3,5,0
长青股份,2,0,0,0,0,0,0,0,0,0,0,0
北京利尔,1,3,1,0,3,0,1,0,0,0,0,0
力生制药,0,0,0,0,1,0,0,0,0,0,0,0
联发股份,2,0,0,0,3,0,1,0,3,1,2,0
双象股份,0,0,0,0,0,0,0,1,1,0,2,2
星网锐捷,7,1,2,1,4,0,1,1,1,0,0,0
梦洁家纺,13,1,0,1,3,0,2,0,0,3,5,4
建研集团,7,4,3,6,1,1,5,1,0,0,2,5
海普瑞,0,0,0,0,0,0,0,0,0,0,0,0
省广股份,8,0,5,0,2,0,4,0,2,1,1,13
中海科技,0,0,0,0,1,0,0,0,0,0,0,0
和而泰,4,1,3,2,1,0,2,0,0,4,5,1
爱仕达,7,0,0,0,3,0,0,3,0,0,1,1
嘉欣丝绸,1,0,0,0,0,0,0,0,1,0,0,0
四维图新,4,1,2,2,3,1,5,1,1,4,3,1
远东传动,2,0,1,0,0,0,0,0,1,0,4,1
多氟多,2,5,0,1,3,5,4,4,3,1,5,8
齐翔腾达,1,2,3,1,4,0,1,0,0,0,0,4
广联达,3,2,3,3,3,1,4,2,0,0,2,8
必康股份,0,0,0,0,0,0,0,0,0,1,0,1
高德红外,1,0,0,0,1,2,3,3,1,0,4,1
海康威视,9,1,2,7,1,9,12,0,0,6,10,0
爱施德,1,0,0,2,0,0,0,1,0,0,0,1
天虹商场,1,3,1,1,3,3,2,3,1,0,1,3
毅昌股份,0,0,0,0,0,0,0,0,1,0,0,0
达实智能,0,4,1,4,1,0,3,2,8,5,2,5
科伦药业,3,0,0,2,2,0,0,1,0,0,0,2
贵州百灵,1,0,0,0,0,0,0,1,1,0,0,0
胜利精密,0,0,0,3,6,1,4,4,3,2,2,8
尤夫股份,0,0,0,0,0,0,0,0,0,0,0,0
云南锗业,2,0,1,0,3,0,1,0,0,0,2,1
兆驰股份,2,1,5,0,7,2,7,1,7,1,4,2
杭氧股份,0,0,0,0,0,0,0,0,0,0,0,0
棕榈股份,10,6,11,6,0,1,1,4,2,1,4,5
九安医疗,2,2,0,0,1,0,1,0,0,0,0,0
太安堂,2,0,1,0,2,1,2,3,0,0,0,1
兴森科技,3,1,4,0,1,0,1,4,2,0,0,1
誉衡药业,9,0,3,0,2,0,1,1,0,0,0,0
江苏神通,2,0,1,0,0,0,2,2,0,7,5,1
启明星辰,5,1,3,2,5,3,6,3,2,0,3,11
闰土股份,1,0,0,0,1,0,2,0,0,0,0,1
众业达,1,0,0,0,0,0,0,1,2,0,0,1
龙星化工,0,0,0,0,0,0,0,0,0,0,0,0
巨星科技,8,1,1,0,3,2,0,6,3,2,2,5
盛路通信,7,1,0,0,2,0,3,0,1,3,1,2
壹桥海参,4,0,0,0,2,0,0,2,0,0,0,0
中原内配,1,0,0,3,1,0,1,1,1,4,2,3
国星光电,1,1,1,0,2,0,0,0,0,0,0,0
康得新,9,7,1,9,2,2,5,3,6,3,3,9
摩恩电气,0,0,0,0,0,0,0,0,0,0,0,0
天马精化,1,0,0,0,0,0,0,0,1,0,0,0
松芝股份,3,0,2,0,2,0,5,1,4,0,3,1
百川股份,0,0,0,0,0,0,0,0,0,0,0,0
欧菲光,2,6,9,4,6,0,3,2,3,4,1,5
青龙管业,0,0,0,0,0,0,0,0,0,0,0,1
益生股份,6,0,3,5,5,1,1,5,1,2,8,1
赣锋锂业,13,0,1,6,5,0,8,1,2,2,8,7
珠江啤酒,0,0,0,0,0,0,0,1,0,1,0,0
嘉事堂,2,0,1,2,7,2,8,1,0,0,3,0
沪电股份,0,1,0,0,1,1,1,0,0,0,0,0
海格通信,8,0,1,3,8,1,9,0,1,0,1,0
天齐锂业,6,1,1,2,8,1,8,3,0,7,5,11
二六三,4,1,1,0,4,4,0,2,6,1,1,4
艾迪西,0,0,0,0,0,0,1,0,6,0,3,3
三维工程,2,2,4,4,0,1,3,1,0,1,1,2
金正大,12,3,2,15,1,0,11,0,2,5,7,12
中超控股,0,0,0,0,0,0,0,0,0,0,0,0
双环传动,1,2,0,0,3,0,3,3,2,1,1,1
榕基软件,0,0,0,0,0,0,0,0,5,0,0,0
立讯精密,8,1,0,0,6,3,6,2,2,0,3,1
宝莫股份,0,0,0,0,0,0,0,0,0,0,0,0
雏鹰农牧,10,6,8,7,11,1,3,1,4,6,0,6
常宝股份,3,1,1,0,2,0,3,2,0,0,0,2
富春环保,0,1,0,2,1,0,3,0,1,0,1,4
新筑股份,0,0,0,0,0,0,1,0,0,0,0,0
广田股份,14,7,4,3,6,2,9,5,3,4,3,1
江海股份,2,1,1,0,2,0,4,1,0,1,0,3
嘉麟杰,1,0,0,0,1,0,0,0,0,0,0,0
大金重工,4,0,0,0,0,0,0,1,0,0,0,1
金固股份,6,4,4,3,10,0,4,8,1,2,2,2
浙江永强,2,0,0,0,2,0,0,1,1,0,0,0
山东墨龙,0,0,0,0,0,0,0,0,0,0,0,1
通鼎互联,6,10,3,3,2,2,1,1,3,0,0,0
恒基达鑫,0,1,1,0,0,0,0,1,0,0,0,0
荣盛石化,2,0,1,0,2,0,2,0,1,0,0,5
华斯股份,0,7,5,1,2,0,1,2,0,2,4,8
佳隆股份,0,0,0,0,0,0,0,0,0,0,0,0
辉丰股份,4,1,0,0,2,0,1,1,0,1,0,0
雅化集团,1,1,0,0,1,0,1,0,0,0,0,0
汉缆股份,0,0,0,0,0,0,0,0,0,0,0,0
科林环保,0,0,0,0,0,0,0,0,0,0,0,0
利源精制,3,0,2,2,2,0,0,0,0,0,0,6
搜于特,3,3,0,0,1,0,1,1,1,0,1,3
弘高创意,1,0,1,1,3,0,3,1,3,2,0,0
大康牧业,0,0,0,0,0,0,0,0,0,0,0,0
涪陵榨菜,3,0,0,2,0,0,1,0,0,1,1,2
老板电器,21,2,1,19,11,1,15,1,7,12,6,1
天广消防,4,0,0,0,1,0,1,1,0,0,0,0
天汽模,0,0,0,0,0,0,3,0,0,0,3,3
中顺洁柔,0,0,0,0,0,0,3,1,0,0,2,1
金字火腿,0,0,0,0,1,0,0,0,1,0,0,0
旷达科技,9,0,5,3,5,6,3,3,1,1,6,5
恺英网络,0,0,1,0,0,1,0,0,0,4,4,1
科士达,1,0,0,2,4,0,1,0,0,4,3,8
银河电子,4,0,5,0,4,1,7,0,0,0,0,1
日发精机,5,2,3,3,1,2,0,3,0,0,1,0
齐峰新材,5,0,0,1,5,1,2,0,0,0,1,3
浙江众成,1,3,1,0,0,0,0,0,0,0,0,0
天桥起重,0,0,0,0,0,1,0,1,0,0,0,1
光正集团,0,0,0,0,1,0,1,0,0,0,0,0
山东矿机,0,0,0,0,0,0,0,0,0,0,0,0
新时达,4,2,3,0,3,1,4,0,0,0,0,1
英飞拓,0,0,1,0,0,0,0,1,0,0,0,0
海源机械,2,2,0,1,0,0,0,0,2,0,0,1
天顺风能,7,2,2,0,8,1,2,8,1,3,2,0
新界泵业,3,0,2,0,1,0,1,0,3,3,0,3
金杯电工,0,0,0,0,0,0,0,0,0,0,0,1
杭锅股份,0,0,0,0,0,0,0,0,2,1,2,4
林州重机,0,0,0,0,0,0,0,0,0,0,0,0
西泵股份,1,0,0,0,0,0,0,0,0,0,0,1
司尔特,1,0,1,8,4,1,5,0,0,0,1,3
新都化工,7,3,4,10,5,10,5,2,0,1,2,5
亚太科技,0,0,0,0,2,2,1,0,0,0,0,0
鸿路钢构,0,1,1,0,1,1,3,0,0,0,2,6
中化岩土,1,0,1,2,1,0,0,0,0,1,0,1
万和电气,1,0,0,0,1,0,1,0,1,0,0,2
新联电子,1,0,0,0,0,2,4,3,4,5,9,0
春兴精工,0,0,0,0,0,1,0,0,0,0,3,2
金新农,0,7,1,4,4,0,1,0,0,0,0,7
千红制药,6,3,0,0,1,0,0,0,0,0,0,0
尚荣医疗,2,5,1,3,4,0,3,0,0,1,0,2
宝鼎科技,0,0,0,0,1,0,0,0,0,0,0,0
南方轴承,1,0,0,0,0,0,0,0,0,0,1,0
惠博普,2,0,0,0,2,0,1,6,1,1,4,0
三七互娱,0,7,0,0,6,1,3,0,0,0,0,6
辉隆股份,6,10,4,4,4,0,2,1,0,0,0,0
洽洽食品,11,6,2,6,3,1,2,4,4,2,5,16
亚威股份,2,0,0,0,1,0,0,0,0,1,1,3
通达股份,0,0,1,0,0,0,3,4,2,1,0,2
徐家汇,0,0,0,0,2,0,1,0,0,0,0,0
兄弟科技,0,0,0,2,2,0,3,2,0,0,0,1
森马服饰,27,1,1,5,12,7,2,9,0,2,7,19
天沃科技,0,0,0,0,0,0,0,0,0,0,0,0
上海绿新,0,0,0,0,3,1,1,6,4,0,2,3
益盛药业,0,0,0,1,2,0,1,0,0,0,0,0
唐人神,7,4,1,1,4,0,2,0,0,0,1,2
百润股份,6,8,3,21,4,1,10,1,0,2,0,8
贝因美,5,2,1,2,3,2,1,4,0,1,1,1
索菲亚,16,1,9,8,15,1,12,14,0,22,0,2
清新环境,8,0,1,3,7,2,6,1,0,0,1,0
明牌珠宝,2,0,0,0,0,0,2,0,2,1,0,0
通达动力,3,0,0,0,0,0,0,0,0,0,0,0
闽发铝业,0,1,1,0,0,0,0,1,0,0,0,0
中京电子,0,0,0,0,0,0,0,0,0,0,0,0
圣阳股份,1,0,2,3,0,0,0,1,0,0,0,2
未名医药,0,0,0,0,0,0,0,0,0,0,0,0
海能达,3,1,2,2,12,1,5,1,0,0,6,9
西陇科学,1,2,1,5,5,0,2,1,2,1,0,6
双星新材,0,0,2,0,0,1,0,0,0,0,1,0
围海股份,4,0,0,0,2,0,1,0,0,6,2,9
奥拓电子,2,0,2,0,1,0,0,0,1,0,0,3
史丹利,12,5,3,1,8,3,8,1,0,1,5,1
瑞康医药,8,0,0,0,1,0,1,2,1,3,2,3
万安科技,1,0,0,0,0,0,0,2,3,1,4,8
恒大高新,0,0,1,0,0,0,0,0,0,0,0,0
八菱科技,0,0,0,1,0,0,0,0,1,0,0,0
日上集团,4,0,0,2,0,0,0,4,2,0,1,2
比亚迪,6,2,8,1,8,6,12,2,4,10,4,12
豪迈科技,3,1,0,1,5,0,3,2,0,1,1,8
海南瑞泽,0,0,0,0,1,0,0,0,0,0,0,0
金禾实业,0,0,3,1,0,1,1,1,0,3,2,0
山东章鼓,1,0,1,0,0,0,0,0,0,0,0,0
盛通股份,0,0,0,1,1,0,1,0,2,0,0,1
江粉磁材,0,0,1,0,1,0,1,0,0,0,0,0
佰利联,2,1,6,8,4,0,2,0,0,1,8,3
以岭药业,9,1,0,1,1,1,1,0,0,0,0,2
大连电瓷,0,0,1,1,1,0,3,0,0,0,0,0
亚夏汽车,0,0,1,0,1,0,0,0,0,0,1,4
捷顺科技,7,1,4,0,5,2,9,0,0,0,1,1
爱康科技,15,3,1,0,3,2,2,1,3,2,2,2
东方精工,3,2,1,2,4,0,0,3,1,0,0,0
北玻股份,0,0,0,0,0,0,0,0,0,0,0,0
蒙发利,5,0,1,2,2,0,2,0,2,0,0,0
哈尔斯,2,0,0,0,2,0,2,0,1,5,0,2
长青集团,3,5,3,1,4,1,2,2,1,2,0,8
露笑科技,0,0,0,0,0,0,0,0,0,0,0,0
丹邦科技,2,1,0,0,0,0,0,0,1,0,1,1
瑞和股份,2,2,1,0,5,1,2,0,0,0,1,0
三垒股份,1,0,0,1,1,1,2,0,0,0,0,1
亚玛顿,4,0,0,3,2,0,1,0,2,2,1,0
龙生股份,0,0,2,0,0,0,0,0,0,0,0,0
金达威,1,0,0,0,1,0,0,0,1,0,2,2
宜昌交运,0,1,0,0,0,0,1,1,0,0,0,0
成都路桥,0,0,0,0,1,0,0,0,0,0,0,0
华西能源,2,0,5,6,7,1,8,0,7,7,3,9
道明光学,4,2,0,1,0,0,0,2,2,3,1,1
棒杰股份,1,0,0,0,0,0,0,0,0,5,0,3
安洁科技,0,0,0,0,2,0,5,0,1,0,0,0
赞宇科技,0,1,0,0,1,0,0,2,1,1,0,1
跨境通,1,0,0,2,3,0,3,1,2,0,5,1
永高股份,5,1,2,0,3,1,2,0,0,1,0,0
荣之联,5,1,1,1,1,0,1,4,0,0,0,2
佛慈制药,1,0,4,1,0,0,1,0,0,0,0,1
华宏科技,0,0,0,0,0,0,0,0,0,0,0,0
青青稞酒,6,3,1,0,5,0,2,0,0,0,0,0
卫星石化,1,0,0,6,0,0,0,0,0,1,0,0
博彦科技,2,2,1,0,1,0,2,0,0,0,0,3
加加食品,9,8,2,3,7,2,7,1,0,1,1,0
利君股份,1,3,1,0,1,1,2,0,0,0,0,0
海思科,5,2,6,1,5,3,0,1,0,0,1,6
万润科技,0,0,0,0,0,0,0,2,2,0,0,1
摩登大道,0,0,0,0,0,0,0,0,0,0,0,0
中科金财,2,0,0,3,7,5,6,6,0,0,1,2
雪迪龙,5,0,7,5,0,1,4,0,1,0,3,14
中泰桥梁,0,0,0,1,2,0,2,0,0,2,1,0
茂硕电源,0,0,0,0,0,0,0,0,0,0,0,0
克明面业,1,0,5,4,7,0,5,7,0,5,4,9
京威股份,1,1,1,1,5,1,2,1,5,0,5,0
普邦园林,0,0,0,0,2,0,0,0,0,0,0,1
信质电机,1,0,2,1,2,0,3,0,2,3,0,0
首航节能,3,3,0,6,6,3,5,2,9,0,5,3
德联集团,1,0,0,0,0,0,1,0,0,0,0,0
奥马电器,0,0,0,0,0,0,1,4,4,0,1,0
康达新材,0,0,0,0,2,1,3,0,1,3,2,0
龙泉股份,1,0,0,0,1,0,2,1,4,1,3,4
东江环保,8,3,3,2,7,3,0,11,0,1,6,13
兴业科技,1,2,1,2,1,0,3,0,0,1,3,0
东诚药业,2,2,1,3,3,0,2,0,0,0,1,1
顺威股份,0,0,0,0,0,0,0,0,0,0,0,0
浙江美大,0,0,0,0,1,0,1,1,1,0,1,0
珠江钢琴,5,4,1,0,2,0,2,1,2,8,2,5
福建金森,0,0,0,0,0,0,0,0,0,0,0,0
长生生物,0,0,0,0,0,0,0,0,0,0,0,0
奋达科技,5,0,0,3,3,3,1,0,1,3,0,2
龙洲股份,0,0,0,0,0,0,0,0,0,0,0,0
猛狮科技,2,0,1,2,1,1,3,0,0,1,1,0
华东重机,0,0,0,0,0,0,0,0,0,0,0,0
亿利达,2,0,0,1,3,1,2,2,1,2,0,0
乔治白,2,0,0,0,0,1,0,0,0,0,1,2
金河生物,0,0,0,0,0,0,0,1,1,2,1,2
远大智能,2,1,0,2,5,0,1,1,1,1,0,0
美亚光电,10,0,0,0,4,0,5,0,2,2,1,3
冀凯股份,0,0,0,0,0,0,0,0,0,0,0,0
远程电缆,0,0,0,0,0,0,0,0,0,0,0,0
双成药业,0,0,0,0,1,0,0,0,0,1,0,0
顾地科技,0,0,0,0,0,0,0,0,0,0,0,0
煌上煌,1,1,1,0,2,0,1,0,0,0,0,4
红旗连锁,6,0,8,2,9,0,5,1,4,0,7,1
博实股份,1,3,1,2,5,0,2,1,1,1,0,0
美盛文化,4,4,4,2,4,0,3,12,10,3,2,0
新疆浩源,0,0,0,0,0,0,0,0,0,0,0,0
奥瑞金,8,1,11,13,17,0,7,17,0,2,8,12
海欣食品,0,1,0,0,0,0,0,0,0,1,1,0
新宝股份,0,0,0,0,0,0,0,1,1,0,0,4
良信电器,0,0,0,0,0,0,0,0,0,0,0,1
光洋股份,0,0,1,0,0,0,0,0,0,0,0,0
天赐材料,2,0,1,1,10,2,5,3,6,4,2,3
欧浦智网,4,2,6,1,5,3,6,1,5,3,1,1
思美传媒,1,0,0,0,3,1,0,5,0,2,1,1
东易日盛,6,1,2,0,3,0,1,5,1,1,2,0
牧原股份,14,2,0,17,3,2,15,2,1,5,13,4
登云股份,0,0,0,0,0,0,0,0,0,0,0,0
金贵银业,1,0,0,0,0,0,0,0,0,0,0,1
岭南园林,0,0,1,4,6,5,3,4,0,0,0,3
友邦吊顶,2,1,3,5,6,0,4,0,0,0,0,8
金轮股份,0,0,0,0,0,0,0,0,0,0,0,0
金莱特,0,0,0,0,0,0,0,0,0,0,0,0
海洋王,0,0,0,0,0,0,0,0,0,0,0,0
跃岭股份,0,0,0,0,0,0,0,0,0,0,0,0
龙大肉食,0,0,1,1,2,0,0,0,0,0,0,1
一心堂,5,0,0,0,8,1,8,0,6,4,7,2
台城制药,0,0,0,0,0,0,0,0,0,0,0,0
好利来,0,0,0,0,0,0,0,0,0,0,0,0
萃华珠宝,0,0,0,0,0,0,0,0,0,0,0,0
燕塘乳业,0,0,0,2,0,1,0,0,0,0,0,0
雄韬股份,0,1,3,0,3,0,3,0,0,1,2,1
王子新材,0,0,1,0,0,0,0,0,0,0,0,0
葵花药业,0,0,1,2,0,2,3,0,1,0,0,0
中矿资源,0,0,0,0,0,0,0,0,0,0,0,0
特锐德,0,5,0,2,3,0,2,1,0,3,2,2
神州泰岳,2,0,0,0,1,0,0,0,0,1,2,0
乐普医疗,9,3,3,6,9,1,11,2,0,0,8,6
南风股份,1,1,2,0,0,0,4,3,4,2,0,1
探路者,14,2,10,2,15,2,13,0,4,7,1,1
莱美药业,5,0,1,2,4,0,2,0,0,0,2,0
汉威电子,2,1,0,0,3,2,3,1,3,0,1,2
安科生物,3,1,8,4,5,2,6,6,9,2,3,7
鼎汉技术,5,1,2,1,4,0,3,0,0,8,5,4
华测检测,2,0,0,1,1,0,1,1,0,5,2,5
新宁物流,1,0,1,0,0,2,1,0,0,1,1,0
亿纬锂能,1,0,0,0,3,2,3,4,6,6,4,3
爱尔眼科,17,0,5,0,12,0,19,0,8,6,12,19
北陆药业,5,2,0,1,5,0,4,1,1,2,0,0
网宿科技,5,1,7,18,6,2,17,1,13,13,7,19
中元华电,6,0,0,1,0,1,1,2,0,0,0,3
硅宝科技,2,0,0,0,1,0,2,2,0,1,0,4
银江股份,9,5,4,1,7,0,4,0,11,1,0,0
大禹节水,0,0,0,0,0,0,0,0,0,1,1,3
吉峰农机,0,1,1,0,0,0,0,0,0,0,0,0
宝德股份,3,1,1,0,2,0,0,1,1,0,0,0
机器人,3,0,0,0,3,0,9,4,1,0,1,10
红日药业,4,0,6,2,6,0,9,0,2,1,2,5
华谊兄弟,9,2,3,1,5,0,8,7,2,3,2,9
天龙光电,0,0,0,0,0,0,0,0,0,0,0,0
阳普医疗,4,2,0,1,1,0,0,1,0,0,0,0
金龙机电,0,0,0,0,0,0,0,0,0,0,0,0
同花顺,3,1,2,1,3,2,3,0,0,0,0,0
钢研高纳,7,0,0,4,0,0,3,0,1,0,0,7
中科电气,0,0,0,0,0,0,0,0,0,0,0,0
超图软件,2,3,5,5,8,0,7,0,3,4,1,12
新宙邦,2,1,0,1,2,0,3,1,0,0,0,7
上海凯宝,2,7,1,0,4,0,1,0,1,0,0,1
九洲电气,0,0,0,0,0,0,0,0,0,0,0,1
回天新材,3,3,1,1,5,0,2,1,0,0,2,1
朗科科技,0,0,0,0,0,0,0,0,0,0,0,0
互动娱乐,1,1,0,0,3,1,4,5,0,1,1,0
赛为智能,0,1,0,0,0,0,0,0,0,0,0,0
华力创通,2,0,2,0,4,1,5,0,0,0,2,4
台基股份,0,0,0,0,0,0,0,0,0,0,0,0
天源迪科,4,0,0,0,4,0,3,2,0,1,4,5
合康变频,0,0,0,0,0,0,0,2,2,1,4,0
福瑞股份,5,0,2,0,4,0,2,1,1,0,2,0
世纪鼎利,9,0,0,0,5,0,2,3,0,0,2,1
三五互联,0,0,0,0,0,0,0,0,1,1,0,0
中青宝,0,0,0,0,0,0,0,0,0,0,0,2
欧比特,4,0,0,0,1,0,0,0,1,0,1,0
鼎龙股份,5,0,1,1,3,1,4,1,1,0,6,8
万邦达,4,2,0,0,5,0,1,0,2,0,1,0
万顺股份,0,1,0,0,0,0,0,0,0,0,0,0
蓝色光标,7,0,10,1,6,0,3,7,0,6,1,1
东方财富,11,3,3,7,6,1,7,6,0,5,1,5
康耐特,0,1,0,1,3,0,3,2,1,1,0,0
中能电气,0,0,0,0,0,0,0,0,0,0,0,0
天龙集团,1,1,0,1,1,0,1,0,0,0,0,0
豫金刚石,3,6,0,2,0,1,5,3,1,1,0,3
海兰信,4,0,4,4,0,2,7,0,4,4,2,5
三川智慧,4,0,0,3,6,0,3,0,0,0,0,5
安诺其,0,0,0,2,1,0,1,0,0,0,0,0
南都电源,5,0,10,2,9,1,8,6,5,3,3,11
金利华电,0,0,0,0,0,0,0,0,0,0,0,0
碧水源,0,0,0,0,20,6,17,11,15,0,6,1
三聚环保,4,1,1,2,1,1,9,3,2,2,0,6
当升科技,3,1,1,2,2,1,4,2,1,2,0,11
华平股份,0,0,0,0,1,0,1,0,0,0,0,0
数字政通,9,6,3,1,15,4,7,2,0,0,0,2
GQY视讯,0,0,0,0,1,0,1,1,0,1,1,1
国民技术,4,2,1,1,2,0,2,0,1,2,0,5
思创医惠,1,2,3,0,2,2,9,2,3,3,3,9
数码视讯,1,1,0,1,1,0,0,1,0,0,0,0
易成新能,0,0,0,1,0,0,0,0,0,0,0,0
奥克股份,1,2,1,0,0,0,0,0,0,0,0,0
海默科技,1,0,0,3,0,0,0,0,0,0,0,4
银之杰,0,0,1,1,3,0,2,1,1,0,0,0
康芝药业,2,3,5,0,1,0,0,0,2,0,0,0
长信科技,2,1,2,0,3,0,2,2,2,0,2,3
盛运环保,3,3,1,2,2,1,1,0,4,0,1,3
金通灵,0,0,0,0,1,0,1,1,1,2,1,2
科新机电,0,0,0,0,0,0,0,0,0,0,0,0
华伍股份,1,3,0,1,3,1,2,3,2,2,2,2
智云股份,0,0,1,3,3,0,3,0,2,6,2,0
高新兴,0,0,3,3,2,0,4,2,8,4,3,0
双林股份,1,0,0,0,2,0,2,4,3,12,3,3
振芯科技,2,0,5,2,6,0,10,2,3,0,1,6
乾照光电,0,0,0,0,0,0,0,0,0,0,0,0
达刚路机,2,0,2,1,0,0,0,0,1,1,0,1
乐视网,8,6,7,4,6,6,7,3,6,2,0,5
龙源技术,0,0,0,0,0,0,0,0,0,0,0,0
西部牧业,0,0,0,0,0,2,1,0,1,1,1,1
建新股份,0,0,0,0,0,0,0,0,0,0,0,0
双龙股份,5,0,0,0,0,0,0,1,0,0,0,0
新开源,2,0,0,0,2,1,1,0,2,2,1,0
向日葵,0,0,0,0,0,0,0,0,0,0,0,0
万讯自控,0,1,0,1,0,0,0,0,0,0,0,0
顺网科技,8,0,0,0,9,0,8,4,1,1,3,0
中航电测,0,0,0,0,0,0,0,0,0,0,0,0
长盈精密,10,7,4,2,12,0,9,1,2,2,2,5
坚瑞消防,0,0,0,0,0,0,0,0,0,0,0,2
嘉寓股份,0,0,1,0,2,0,1,0,0,0,0,1
东方日升,7,7,0,6,0,0,2,0,0,0,5,0
瑞普生物,6,0,4,3,6,0,7,1,0,3,3,1
经纬电材,0,0,0,0,1,0,0,0,0,0,0,1
阳谷华泰,0,1,0,0,0,0,0,0,0,0,1,0
智飞生物,0,0,0,0,0,0,0,0,1,0,1,3
汇川技术,9,4,5,3,5,0,12,7,2,8,4,2
易世达,0,1,0,0,0,0,0,0,0,0,0,0
锐奇股份,0,0,4,0,1,0,1,0,0,0,0,0
银河磁体,1,1,0,1,3,0,1,1,0,1,0,4
锦富新材,0,0,0,0,0,1,0,0,0,0,0,0
泰胜风能,1,0,0,0,0,0,0,0,0,0,1,1
新国都,2,0,2,1,2,0,1,1,1,0,0,3
青松股份,0,0,0,0,0,0,0,0,0,0,0,0
华策影视,0,3,1,11,14,2,11,4,0,4,0,14
宝利国际,0,0,0,0,0,0,1,0,0,0,0,0
信维通信,7,2,3,4,1,3,4,1,1,6,2,0
先河环保,2,0,2,2,4,4,6,1,0,0,4,0
晨光生物,0,1,0,0,1,0,1,0,0,0,2,1
晓程科技,1,0,0,0,0,0,0,0,1,0,0,0
启源装备,3,1,3,0,0,0,0,0,0,0,0,0
和顺电气,0,0,0,0,1,1,1,4,0,0,0,1
宋城演艺,28,14,2,15,19,11,14,14,4,5,15,13
中金环境,6,1,9,3,10,1,12,15,5,5,4,12
汤臣倍健,0,5,7,14,4,0,5,4,8,5,11,20
香雪制药,2,2,4,1,3,0,3,2,0,3,1,6
世纪瑞尔,5,0,0,0,1,0,2,4,1,1,0,5
昌红科技,2,2,1,0,0,0,0,0,0,0,0,0
科融环境,4,4,3,2,2,0,0,0,0,0,2,0
科泰电源,0,0,0,0,0,1,1,0,0,0,0,0
瑞凌股份,0,3,0,0,0,0,0,0,1,0,0,0
安居宝,3,3,2,1,2,0,2,0,0,2,0,0
神雾环保,1,2,1,0,0,2,3,0,1,2,2,7
恒泰艾普,4,1,0,0,1,0,1,0,1,0,1,0
新研股份,5,4,1,2,3,2,3,0,1,0,1,0
秀强股份,0,1,0,0,1,1,2,3,7,4,2,10
华中数控,1,1,0,0,0,0,0,1,0,0,4,1
先锋新材,0,1,1,0,0,0,0,0,0,0,0,0
天瑞仪器,3,1,1,1,2,0,1,1,0,0,0,0
东方国信,4,12,7,5,13,9,9,1,4,5,1,1
迪威视讯,1,2,5,0,0,0,3,1,0,0,1,0
万达信息,12,1,4,11,8,3,4,0,5,0,2,0
汉得信息,5,0,0,1,5,0,4,0,0,2,1,0
东富龙,11,3,0,5,6,3,6,0,0,7,3,2
中电环保,1,0,0,3,1,0,1,0,1,0,3,5
智慧松德,1,0,0,0,1,0,0,0,0,0,0,0
元力股份,3,1,2,5,0,0,0,1,4,0,0,0
朗源股份,0,0,0,0,0,0,0,0,0,0,0,0
鸿特精密,0,0,1,0,0,0,0,0,0,0,0,0
中海达,3,0,0,0,1,0,0,0,2,0,0,1
腾邦国际,8,3,20,10,6,0,5,10,6,3,0,1
四方达,2,1,0,0,0,0,0,0,0,0,0,0
华峰超纤,3,2,0,0,0,0,4,0,1,1,1,0
佐力药业,3,2,2,1,4,4,3,0,0,5,0,2
捷成股份,2,1,0,1,6,2,3,1,2,0,3,3
东软载波,6,0,2,3,1,1,4,0,0,0,1,0
通裕重工,0,0,1,0,0,0,1,2,0,0,0,0
永清环保,0,0,0,0,1,5,5,2,1,3,2,4
美亚柏科,2,1,0,0,3,0,2,2,3,2,0,3
维尔利,2,0,0,0,5,0,2,3,0,2,2,8
潜能恒信,2,0,0,0,0,0,0,0,0,0,0,0
科斯伍德,0,0,0,0,0,0,0,2,1,0,0,0
佳士科技,0,0,0,3,0,0,0,0,0,0,1,0
福安药业,1,0,0,0,3,0,2,1,1,4,0,0
长荣股份,10,1,0,0,6,0,3,0,0,0,0,0
长海股份,9,0,0,1,8,0,13,2,0,3,1,5
纳川股份,1,6,0,2,7,4,3,0,1,5,6,1
翰宇药业,8,7,5,1,4,0,0,1,1,0,0,1
高盟新材,0,0,0,0,0,0,0,0,0,0,0,0
海伦哲,0,0,0,0,1,0,0,1,1,0,0,0
聚龙股份,2,0,0,0,2,0,1,1,2,0,1,3
聚光科技,4,0,0,0,10,3,8,5,7,3,7,9
舒泰神,0,0,0,0,0,0,0,0,0,0,0,0
天喻信息,6,0,3,0,1,1,1,0,0,1,0,1
理邦仪器,9,2,1,0,1,2,1,0,0,0,0,0
欣旺达,3,1,0,3,7,2,12,0,1,8,12,9
恒顺众N,4,5,2,0,1,0,0,0,0,0,1,1
天泽信息,2,0,0,0,0,0,0,0,0,0,0,0
森远股份,0,0,0,4,5,1,3,2,2,1,1,1
亿通科技,0,0,0,0,0,0,0,0,2,0,0,1
易华录,5,6,2,7,9,0,8,3,3,2,0,0
佳讯飞鸿,2,0,5,4,1,1,3,4,0,0,0,2
日科化学,1,0,0,0,3,0,0,0,0,0,0,0
电科院,0,0,0,0,1,0,1,0,0,3,1,1
千山药机,0,0,0,2,1,0,1,1,0,0,0,0
东方电热,2,1,0,0,0,0,0,0,0,0,0,0
安利股份,1,1,0,4,3,0,1,0,0,2,1,2
鸿利光电,6,4,3,8,6,0,4,0,0,0,0,4
金运激光,4,1,1,1,1,0,0,0,0,0,0,0
银禧科技,0,0,0,0,0,0,0,0,0,0,1,2
北京君正,1,0,0,1,1,0,2,1,0,0,0,0
正海磁材,11,2,0,2,7,0,7,0,0,1,2,0
金力泰,0,0,0,0,1,0,0,0,0,0,0,0
上海钢联,2,1,0,2,4,0,4,0,4,2,0,0
光韵达,1,1,1,0,1,0,0,0,0,0,1,0
富瑞特装,13,0,1,6,10,0,1,0,0,0,1,2
拓尔思,0,0,1,0,1,0,0,2,3,1,0,1
永利股份,2,1,1,4,10,3,5,4,2,8,2,7
银信科技,1,0,0,2,1,0,2,0,0,0,1,1
洲明科技,0,0,0,0,1,0,9,2,1,6,2,0
金城医药,5,2,2,0,5,0,3,0,0,0,1,2
开尔新材,5,3,0,5,5,1,4,0,3,0,2,3
方直科技,0,0,0,0,0,1,1,0,0,0,0,0
上海新阳,6,2,1,3,4,2,7,5,5,0,2,5
美晨科技,4,1,4,1,4,0,2,0,0,0,0,3
东宝生物,0,0,0,0,0,0,0,0,0,0,1,0
飞力达,0,0,0,0,0,0,0,0,0,0,0,0
瑞丰光电,0,0,0,0,1,1,1,1,0,0,0,0
明家联合,0,0,3,1,1,1,2,3,1,4,8,8
瑞丰高材,2,8,2,1,3,0,2,0,0,1,0,2
迪安诊断,9,2,0,1,8,0,8,1,0,5,3,9
天玑科技,3,0,0,2,0,0,2,0,3,0,1,1
宝莱特,1,0,1,0,1,0,0,0,0,0,0,1
新开普,3,1,1,1,3,0,0,0,1,0,1,0
依米康,0,0,0,0,0,0,0,0,0,0,0,3
初灵信息,1,0,0,0,0,0,2,0,0,0,0,1
光线传媒,9,2,2,1,15,0,10,0,0,9,2,2
金信诺,2,1,0,0,1,0,1,0,0,2,1,2
卫宁健康,5,1,3,3,6,1,7,3,5,3,1,9
仟源医药,0,0,0,0,0,0,0,0,0,0,0,0
常山药业,8,2,0,2,7,0,9,0,0,0,0,7
星星科技,0,0,0,0,0,1,2,0,0,0,0,0
开山股份,6,0,4,1,0,0,3,0,1,0,0,0
精锻科技,2,0,0,0,2,0,0,1,3,2,2,1
新天科技,2,1,1,0,1,1,1,0,2,0,0,1
新莱应材,0,0,0,0,0,0,0,0,0,0,0,0
雅本化学,4,0,2,0,0,0,2,0,3,0,0,2
巴安水务,5,0,2,4,3,0,4,4,3,2,2,2
隆华节能,5,0,1,0,1,0,2,0,0,2,0,0
佳创视讯,0,0,1,0,0,0,0,0,0,0,0,0
通光线缆,1,0,0,0,0,0,0,0,0,0,0,0
尔康制药,1,1,0,1,4,0,5,0,0,1,2,1
万福生科,0,0,0,0,0,0,0,0,0,0,0,0
中威电子,3,2,1,0,0,0,0,0,0,1,1,1
华宇软件,2,8,0,6,4,3,11,0,5,5,14,4
开能环保,0,0,0,0,1,0,0,1,1,0,0,0
和佳股份,18,6,1,2,8,3,4,0,1,0,0,0
阳光电源,19,3,4,16,0,2,10,5,0,5,14,7
梅安森,0,0,0,0,0,0,0,0,0,0,0,0
三丰智能,0,0,0,0,0,0,0,0,0,0,0,0
海联讯,0,0,0,0,0,0,0,0,0,0,0,0
金明精机,1,0,2,3,4,0,0,0,0,0,1,0
汇冠股份,0,0,0,0,0,0,0,0,0,0,2,1
温州宏丰,0,0,0,0,0,0,0,0,0,0,0,0
苏交科,3,1,2,5,12,0,9,10,8,2,7,17
国瓷材料,3,0,1,3,3,0,4,3,1,1,4,2
安科瑞,0,1,0,0,0,0,0,0,0,2,0,2
飞利信,2,1,0,0,3,5,4,1,1,3,0,0
朗玛信息,0,0,0,0,0,0,0,2,0,0,0,0
利德曼,3,0,0,0,2,1,1,0,1,1,1,2
荣科科技,0,0,0,0,0,0,0,0,3,1,1,0
华录百纳,13,0,10,6,10,1,5,12,5,2,1,9
吴通控股,6,1,0,1,3,7,4,2,0,1,1,0
蓝英装备,0,0,0,0,1,0,0,0,0,0,0,0
博雅生物,7,0,0,0,2,2,5,0,0,8,4,2
三六五网,2,2,3,1,1,0,2,1,1,1,2,0
利亚德,1,1,0,1,6,0,8,1,2,0,4,10
蓝盾股份,1,0,0,0,1,2,3,2,1,1,1,2
三诺生物,1,0,1,3,11,1,9,1,0,0,2,0
汉鼎股份,3,3,5,7,1,3,4,2,2,1,0,1
长方集团,0,0,0,0,0,0,0,1,0,0,0,0
同有科技,2,0,0,4,4,0,7,3,1,3,1,0
聚飞光电,2,0,0,0,1,0,0,0,0,0,0,0
云意电气,0,0,0,0,2,0,0,0,1,0,4,1
裕兴股份,1,0,0,0,0,0,0,0,0,0,0,0
远方光电,3,2,6,1,0,0,0,0,0,0,2,1
慈星股份,18,5,1,0,1,0,1,1,1,1,2,6
中际装备,0,0,0,0,0,0,0,0,0,1,0,0
吉艾科技,2,1,2,3,3,1,2,0,0,0,0,1
宜通世纪,2,1,0,0,2,0,0,1,1,3,2,5
任子行,0,0,0,0,0,0,0,0,0,1,0,0
邦讯技术,3,0,0,0,1,0,0,0,1,1,0,0
戴维医疗,2,0,1,1,1,1,0,0,0,0,0,0
掌趣科技,2,0,0,0,0,1,2,0,0,2,0,0
晶盛机电,2,0,0,1,0,0,1,0,0,1,0,1
博晖创新,0,0,1,0,1,0,1,0,0,0,0,0
麦捷科技,0,0,0,1,1,0,1,0,1,0,1,0
海达股份,6,1,2,0,1,0,2,0,0,2,0,1
同大股份,0,0,0,0,0,0,0,0,0,0,0,0
华灿光电,0,0,0,0,0,0,0,0,0,0,0,0
旋极信息,0,0,0,0,0,0,0,0,0,0,0,1
德威新材,4,0,0,0,0,1,0,0,7,2,0,1
凯利泰,1,0,2,1,3,0,0,0,0,0,1,0
中颖电子,2,0,1,1,3,0,5,3,1,3,1,11
宜安科技,0,1,1,0,2,0,0,1,0,0,0,3
海伦钢琴,6,1,0,1,4,2,5,2,0,0,0,0
华虹计通,0,0,0,0,0,0,0,0,0,0,0,0
天壕环境,3,4,4,2,6,6,5,0,0,4,2,4
兆日科技,0,0,0,0,1,0,0,0,1,0,2,1
津膜科技,0,0,0,0,3,0,3,1,3,1,2,0
迪森股份,3,2,2,1,2,2,4,0,3,0,0,2
新文化,13,7,1,1,8,2,8,2,3,0,2,6
银邦股份,2,4,1,1,1,0,0,0,0,0,0,0
开元仪器,0,0,0,0,0,0,0,0,0,1,1,1
润和软件,6,0,0,0,2,1,1,3,4,3,3,5
科恒股份,0,0,0,0,0,0,0,0,0,0,0,0
麦迪电气,0,1,1,0,0,0,0,0,0,0,0,0
天银机电,5,0,2,0,5,0,4,0,0,0,0,0
联创股份,0,1,0,0,1,0,2,0,0,1,0,2
太空板业,0,0,0,0,0,0,0,0,0,0,0,0
红宇新材,8,0,1,0,3,1,2,0,1,2,0,0
南大光电,1,0,0,0,0,0,0,1,1,2,0,0
泰格医药,12,0,1,1,4,0,2,1,2,2,2,3
长亮科技,1,2,0,0,1,1,0,1,0,0,1,0
华鹏飞,0,0,1,0,0,1,1,0,0,0,1,0
永贵电器,3,1,2,5,5,1,5,1,0,2,5,3
北信源,3,3,3,0,2,3,3,0,1,0,0,1
东华测试,1,0,0,0,0,0,0,0,1,0,0,0
蒙草抗旱,2,0,1,0,2,0,0,1,0,0,0,0
光一科技,3,1,0,1,0,0,0,0,1,0,1,1
我武生物,0,0,0,0,4,0,0,1,2,0,1,0
楚天科技,0,3,0,1,0,0,1,0,1,0,1,5
全通教育,4,0,0,1,4,2,1,0,0,0,1,2
炬华科技,0,0,1,0,0,0,1,1,0,3,2,9
天翔环境,0,1,2,1,3,0,3,0,1,0,0,0
博腾股份,2,1,0,0,1,4,0,1,0,0,1,7
恒华科技,0,2,1,0,1,0,6,0,0,2,0,4
东方网力,1,4,2,4,2,12,4,0,0,0,7,3
汇金股份,0,0,0,0,0,0,0,0,2,0,0,1
绿盟科技,6,6,4,1,7,0,3,1,2,1,1,4
安控科技,4,1,2,2,1,0,2,2,1,0,0,2
汇中股份,2,1,0,0,0,0,0,0,0,0,0,0
欣泰电气,0,0,0,0,0,0,0,0,0,0,0,0
扬杰科技,3,1,0,1,0,0,0,1,0,0,0,3
鹏翎股份,1,0,1,0,1,0,1,0,0,1,0,2
易事特,2,2,0,0,3,0,2,3,1,7,9,1
赢时胜,0,0,0,1,0,0,0,0,0,0,0,1
鼎捷软件,1,2,1,4,4,1,4,0,2,0,1,3
东方通,7,0,0,3,2,1,3,0,0,0,0,0
安硕信息,3,0,0,0,0,0,0,0,0,0,0,0
溢多利,0,0,0,0,0,0,0,0,0,0,0,0
斯莱克,0,0,0,0,0,0,1,0,1,0,0,0
光环新网,2,4,2,0,0,1,5,2,0,0,4,9
三联虹普,0,0,0,0,1,2,1,1,3,0,2,0
雪浪环境,2,0,0,1,2,1,6,1,0,0,0,16
飞天诚信,0,0,0,0,0,0,0,0,0,0,0,0
富邦股份,0,0,0,0,0,0,0,0,2,1,1,0
国祯环保,5,0,1,0,4,1,5,1,0,0,0,0
艾比森,3,1,0,1,2,0,2,3,1,2,3,1
天华超净,0,0,0,0,0,0,0,1,0,0,0,0
康跃科技,0,1,0,0,1,0,0,0,0,0,0,0
腾信股份,3,3,1,2,3,0,3,1,2,2,0,1
中来股份,1,0,0,0,0,0,0,1,1,0,2,1
菲利华,0,0,0,0,0,0,2,1,1,1,0,0
迪瑞医疗,0,0,2,1,6,3,4,0,0,1,0,0
天和防务,0,0,1,1,0,0,0,0,0,0,0,0
飞凯材料,3,1,0,1,2,0,6,0,2,2,0,7
京天利,2,0,0,0,0,0,0,0,0,0,0,0
劲拓股份,3,0,1,0,0,0,1,1,1,0,0,2
花园生物,0,0,0,0,1,0,1,0,1,3,0,2
宝色股份,0,0,0,0,0,0,0,0,0,0,0,0
地尔汉宇,3,0,0,0,0,0,2,0,3,1,2,3
科隆精化,0,0,0,0,0,0,0,0,0,0,0,0
九强生物,0,0,0,0,0,0,0,0,0,0,3,10
三环集团,7,1,0,0,0,1,4,0,1,2,3,5
道氏技术,4,2,1,0,1,1,3,0,0,0,0,2
金盾股份,2,0,1,0,0,2,1,0,0,0,0,0
迦南科技,0,0,0,0,0,0,0,0,0,0,0,0
白云机场,1,1,0,1,2,0,0,0,1,2,1,0
武钢股份,9,1,1,3,5,2,3,4,0,1,1,0
东风汽车,0,0,0,1,0,1,0,1,0,0,1,0
中国国贸,1,0,0,0,2,0,1,0,0,0,0,2
首创股份,2,2,0,0,0,1,0,0,0,0,0,1
上海机场,6,2,3,1,11,1,10,2,3,2,6,16
包钢股份,3,1,0,0,2,0,2,0,0,0,1,0
华能国际,0,0,0,0,0,0,0,0,0,0,0,0
皖通高速,0,1,0,1,0,0,0,0,0,0,1,1
日照港,0,0,0,0,2,0,1,2,0,0,0,0
上港集团,4,0,0,0,3,0,2,0,0,1,2,4
宝钢股份,10,3,3,2,8,1,4,0,0,1,0,7
中原高速,0,0,0,0,0,0,0,0,0,0,0,0
上海电力,1,1,0,0,3,0,0,0,0,0,0,6
山东钢铁,2,1,1,0,2,0,2,0,0,1,0,0
浙能电力,2,1,1,0,3,0,1,0,0,0,0,0
中海发展,5,1,0,1,2,0,2,0,3,0,0,3
华电国际,2,0,0,0,6,0,3,0,0,0,0,3
中国石化,9,4,1,6,6,1,5,1,3,4,0,6
南方航空,9,2,1,3,7,0,4,6,2,3,1,6
三一重工,5,0,0,0,1,0,0,0,2,1,1,6
福建高速,0,0,0,0,0,0,0,0,1,0,0,0
楚天高速,0,0,0,0,1,0,0,0,0,0,0,0
歌华有线,8,2,15,1,9,3,3,5,0,3,0,2
中直股份,2,5,0,3,4,2,4,3,0,0,0,4
四川路桥,0,0,0,0,0,0,0,0,0,0,0,0
保利地产,0,0,0,2,20,7,11,0,0,9,4,6
中国联通,5,1,1,0,2,0,5,2,1,0,4,8
宁波联合,0,0,0,0,0,0,0,0,0,0,0,0
浙江广厦,0,0,0,0,0,0,0,0,1,0,0,0
黄山旅游,15,0,6,4,11,0,5,2,2,6,5,2
华润万东,2,1,3,2,4,0,5,1,0,1,2,5
中国医药,0,0,1,0,0,0,0,0,0,0,0,0
象屿股份,9,1,0,1,3,0,2,0,4,4,0,0
五矿发展,1,2,5,3,5,0,3,6,5,0,1,5
古越龙山,3,0,1,1,0,0,1,0,1,2,0,2
海信电器,6,2,5,1,10,2,8,3,3,3,0,0
华润双鹤,0,0,2,2,0,0,0,0,0,0,0,0
皖维高新,0,0,0,0,0,0,0,0,0,0,0,0
南京高科,2,1,1,2,2,1,3,0,1,0,0,3
宇通客车,6,3,2,2,13,4,14,4,3,5,5,6
冠城大通,3,2,1,5,2,0,2,0,0,0,0,4
葛洲坝,3,1,1,0,1,0,0,2,0,0,0,1
浙江富润,0,0,0,0,0,0,0,0,0,0,0,2
上海梅林,2,1,0,2,0,2,3,3,3,0,4,3
保千里,2,2,2,0,2,1,0,1,1,1,2,3
康欣新材,0,0,0,0,0,0,0,0,0,0,0,0
宋都股份,0,0,0,1,3,0,3,0,0,0,0,2
澄星股份,0,0,0,0,0,0,0,0,0,0,0,0
人福医药,8,3,3,0,3,3,8,4,8,6,1,14
金花股份,0,0,0,0,0,0,0,0,0,0,0,2
东风科技,1,0,0,1,3,0,1,0,0,3,0,2
博信股份,0,0,0,0,0,0,0,0,0,0,0,0
中葡股份,0,0,0,0,0,0,0,0,0,0,0,0
同仁堂,2,0,1,0,5,0,0,3,4,0,0,6
东方金钰,0,0,0,0,0,0,0,0,0,0,0,0
中视传媒,0,0,0,0,0,0,0,0,0,0,0,0
特变电工,5,0,0,3,5,0,4,2,2,4,0,0
啤酒花,0,0,1,0,0,0,0,0,0,0,0,0
禾嘉股份,0,0,2,1,0,2,2,0,0,0,0,0
大名城,2,3,0,0,2,1,2,0,0,0,0,0
哈高科,0,0,0,0,0,0,0,0,0,0,0,1
云天化,3,0,0,1,3,1,0,1,0,0,0,2
广州发展,2,0,2,1,3,3,0,1,1,0,0,1
同方股份,0,1,0,0,0,0,0,1,0,0,0,0
明星电力,0,0,0,0,0,0,0,0,0,0,0,0
青山纸业,0,0,0,0,0,0,0,0,0,0,0,0
上汽集团,16,2,0,3,10,1,6,13,2,4,1,0
永鼎股份,0,1,4,2,5,4,8,2,1,2,0,1
重庆路桥,1,0,1,0,1,1,0,1,0,0,0,0
美尔雅,0,0,0,0,0,0,0,0,0,0,0,0
亚盛集团,2,0,0,0,2,0,0,0,0,0,0,0
北方稀土,2,0,0,0,1,0,1,0,0,0,0,0
天成控股,1,0,0,1,0,0,0,0,1,0,0,0
浙江东日,0,0,0,0,0,0,0,0,0,0,0,0
东睦股份,1,0,0,5,0,1,0,0,0,0,0,0
东方航空,10,2,3,5,5,0,6,0,1,0,1,7
三峡水利,0,0,0,0,0,2,2,1,0,3,0,0
西宁特钢,0,3,0,0,1,0,2,0,0,1,0,0
中国卫星,2,5,1,2,7,1,1,0,0,0,0,0
长江投资,0,0,0,0,0,0,0,0,0,0,0,0
郑州煤电,2,0,0,0,0,0,0,1,0,0,0,0
宏图高科,0,0,1,0,1,1,1,0,0,0,0,0
兰花科创,4,0,0,0,3,1,2,0,0,0,0,1
铁龙物流,0,0,0,0,0,0,3,0,0,0,0,3
杭钢股份,4,0,1,1,2,0,2,0,0,1,0,0
金健米业,0,0,1,1,0,0,0,0,0,0,0,0
弘业股份,0,0,0,0,0,0,0,0,0,0,0,0
太极集团,2,2,1,0,0,0,0,1,0,0,0,0
波导股份,0,0,0,0,0,0,0,0,0,0,0,0
岷江水电,0,0,0,0,0,0,0,0,0,0,0,0
重庆啤酒,0,0,0,0,0,0,0,0,2,1,0,0
东湖高新,0,0,0,0,0,0,0,0,0,0,0,0
乐凯胶片,0,0,0,0,0,0,0,0,0,0,0,1
道博股份,0,0,0,2,4,1,1,2,1,0,6,0
浪莎股份,1,0,0,0,0,0,0,1,1,0,0,0
中青旅,29,3,2,1,23,3,9,1,3,9,0,7
兴发集团,1,1,0,0,2,0,2,0,1,1,0,2
金发科技,11,3,5,0,6,0,5,0,0,0,0,0
商赢环球,0,0,0,1,0,0,0,4,0,1,0,1
长春一东,0,0,0,0,0,0,0,0,0,0,0,0
中国船舶,1,0,0,0,2,0,0,0,0,0,0,0
航天机电,3,0,3,0,1,0,2,2,0,0,2,0
维科精华,0,0,0,0,0,0,0,0,0,0,0,0
华升股份,0,0,0,0,0,0,0,0,0,0,0,0
永泰能源,6,0,0,4,0,0,1,2,0,0,0,1
中体产业,1,1,0,0,1,0,1,1,2,0,0,1
大龙地产,0,0,0,0,0,0,0,0,0,0,0,0
巨化股份,0,0,0,0,1,1,3,1,4,7,3,2
天坛生物,0,0,0,0,0,0,0,0,0,1,2,3
香江控股,0,0,0,0,2,1,1,5,3,0,1,1
新日恒力,0,0,0,0,0,0,0,1,0,0,0,0
福田汽车,0,0,0,0,0,0,0,1,0,0,0,0
太原重工,0,1,0,0,0,0,0,0,0,0,0,0
上海建工,0,0,0,0,0,0,0,0,0,0,0,1
上海贝岭,0,1,0,0,0,0,0,1,0,0,0,0
黄河旋风,4,2,0,8,2,3,3,8,3,1,1,0
卧龙地产,0,0,0,1,0,0,0,0,0,0,0,0
中国巨石,8,7,1,2,11,1,7,1,1,1,0,12
雅戈尔,7,2,0,1,4,0,2,1,0,0,0,0
瑞茂通,2,3,0,3,3,2,2,2,3,0,1,0
S佳通,0,0,0,0,0,0,0,0,0,0,0,0
生益科技,1,0,0,0,1,0,1,0,0,1,0,1
光电股份,2,0,0,0,0,1,1,1,0,1,0,0
格力地产,4,0,2,0,2,0,0,1,0,2,0,1
莲花健康,0,0,0,0,0,0,0,0,0,0,0,0
国中水务,1,2,0,0,0,0,0,0,0,0,0,0
兖州煤业,0,0,0,0,0,0,0,0,0,0,0,0
吉林森工,0,0,0,0,0,0,0,0,0,0,0,0
锦州港,0,0,0,0,0,0,0,0,0,0,0,0
长城电工,0,0,0,0,0,0,0,0,0,0,0,0
创兴资源,0,0,0,0,0,0,0,0,0,0,0,0
中牧股份,7,0,0,0,6,0,1,4,0,0,0,9
复星医药,5,2,1,2,4,1,3,1,3,0,1,3
伊力特,0,0,0,0,0,0,0,0,0,0,0,0
大唐电信,3,0,1,0,1,0,0,1,0,0,0,0
金种子酒,0,0,0,0,0,0,0,0,0,0,0,0
生物股份,10,0,6,2,9,5,10,4,2,3,3,3
哈空调,0,0,0,0,0,0,0,0,0,0,0,0
福日电子,1,0,0,1,0,0,0,0,0,0,0,3
有研新材,0,0,0,0,0,0,0,0,0,0,0,0
安彩高科,0,0,0,0,1,0,0,1,0,0,0,0
新湖中宝,5,1,1,0,0,0,0,0,1,1,0,2
紫江企业,0,0,0,0,0,0,0,0,0,0,0,0
西藏药业,1,0,0,0,5,0,0,1,0,0,1,9
亚星客车,0,0,0,0,0,0,0,0,0,0,0,0
长春经开,0,0,0,0,0,0,0,0,0,0,0,0
浙江医药,0,0,0,0,0,0,0,0,0,0,1,0
全柴动力,0,0,0,0,0,0,0,0,0,0,0,0
南山铝业,0,0,0,0,2,0,0,0,0,2,1,0
江苏阳光,0,0,0,0,0,0,0,0,0,0,0,0
海南航空,1,0,0,0,0,0,0,1,0,0,0,3
太龙药业,6,0,3,1,1,0,1,0,0,0,0,0
鲁商置业,2,1,0,1,2,0,1,0,2,0,0,5
天津松江,0,1,0,0,0,0,0,0,0,0,0,0
赤天化,0,0,0,0,0,0,0,0,0,0,0,0
昌九生化,0,0,0,0,0,0,0,0,0,0,0,0
城市传媒,0,0,0,0,0,0,0,0,0,0,0,0
凌钢股份,1,0,1,1,1,0,1,0,0,1,0,2
金鹰股份,0,0,0,0,0,0,0,0,0,0,0,1
大杨创世,1,1,0,0,2,0,2,0,0,1,0,3
民丰特纸,2,0,0,0,1,0,1,0,0,0,0,0
桂冠电力,0,0,0,2,1,2,2,0,0,3,0,3
铜峰电子,0,0,0,0,0,0,0,0,0,2,0,0
海南椰岛,1,1,1,0,0,0,0,0,0,0,0,0
云南城投,1,0,1,0,4,1,0,0,0,0,0,0
华业资本,3,2,2,3,4,3,2,3,1,1,1,0
时代万恒,0,0,0,0,0,0,0,0,0,0,0,0
青海华鼎,0,0,0,0,0,0,0,0,0,0,0,0
万通地产,0,0,0,0,0,0,0,0,0,0,1,1
延长化建,0,0,0,0,0,0,1,0,0,0,0,0
两面针,3,0,0,0,0,0,0,0,0,0,0,0
南纺股份,0,0,0,0,0,0,0,0,0,0,0,0
冠农股份,1,0,2,1,1,0,1,0,0,0,0,0
中恒集团,2,1,0,0,0,0,0,0,0,0,0,0
鑫科材料,0,0,0,0,0,0,0,0,0,0,0,0
广汇能源,5,1,2,2,1,0,1,0,0,0,0,0
大湖股份,0,0,1,0,0,0,0,0,1,1,0,1
阳光照明,8,0,0,2,8,0,2,0,0,0,0,0
北方股份,0,0,0,0,0,0,0,0,0,0,1,0
北京城建,2,1,0,1,4,0,1,4,1,0,1,9
海正药业,1,0,0,0,1,0,1,0,0,0,0,0
国电南自,0,1,0,0,0,0,0,0,0,0,0,0
赣粤高速,0,1,0,0,1,0,0,0,0,0,0,0
外运发展,4,2,1,2,3,0,5,1,6,3,3,8
开开实业,0,0,0,0,0,0,0,0,0,0,0,0
嘉化能源,0,0,0,0,0,0,1,1,1,1,0,5
武昌鱼,0,0,0,0,0,0,0,0,0,0,0,0
恒瑞医药,14,3,4,4,11,8,13,5,2,3,8,0
亿利洁能,9,2,0,0,1,0,2,0,0,0,0,0
东方创业,0,0,0,0,0,0,0,0,0,0,0,0
重庆港九,0,0,0,0,0,0,0,0,0,0,0,1
中央商场,3,6,2,4,3,0,1,1,0,0,0,0
太化股份,0,0,0,0,0,0,0,0,0,0,0,0
南钢股份,0,0,0,0,3,0,1,1,1,8,1,1
钱江水利,1,0,0,0,0,0,0,1,0,1,0,1
浦东建设,0,0,0,0,1,0,0,0,0,0,0,2
羚锐制药,1,0,0,1,4,2,2,1,0,3,2,4
江苏舜天,1,0,0,0,0,0,0,0,0,0,0,0
大恒科技,0,0,0,0,0,0,0,0,0,0,0,0
亿阳信通,1,0,0,0,0,0,3,0,1,0,2,4
华仪电气,0,1,0,1,3,2,2,4,6,2,0,1
三峡新材,0,0,0,0,0,0,0,0,0,0,0,0
鄂尔多斯,0,0,0,0,0,0,0,0,0,0,0,0
广汇汽车,0,0,0,0,0,1,1,0,7,5,2,3
安琪酵母,6,0,1,12,7,2,7,3,2,12,8,14
维维股份,0,0,0,0,0,0,0,0,0,1,0,0
标准股份,0,0,0,0,0,0,0,0,0,0,0,0
曙光股份,0,0,0,0,0,0,0,0,1,3,0,2
恒顺醋业,5,1,1,4,13,1,14,0,0,3,2,7
酒钢宏兴,2,0,1,0,3,0,2,1,0,1,0,0
华泰股份,1,0,0,0,0,0,0,0,0,0,0,0
万华化学,9,0,0,8,0,0,8,7,0,1,0,5
桂东电力,0,1,2,3,2,0,0,0,1,1,0,0
平高电气,5,1,1,0,4,1,3,7,4,2,16,2
农发种业,6,0,2,5,4,1,3,0,1,4,0,0
上海家化,6,2,6,0,9,1,6,0,1,1,0,11
洪都航空,1,0,0,0,0,0,0,1,0,0,0,1
营口港,0,0,0,0,0,0,0,0,0,0,0,0
新力金融,0,0,0,0,0,1,0,0,0,0,0,1
振华重工,0,0,0,0,0,0,0,0,0,0,0,0
国栋建设,0,0,0,0,0,0,0,0,0,0,0,0
天房发展,0,0,0,0,1,0,0,1,0,0,0,0
瀚蓝环境,4,2,0,0,3,2,5,7,1,1,1,3
华发股份,2,0,4,0,3,1,3,3,1,1,0,0
西藏天路,1,0,0,0,0,0,1,0,0,0,0,0
大东方,7,0,4,0,2,0,1,0,0,0,0,0
兰太实业,0,0,0,0,0,0,0,0,0,0,0,0
中新药业,3,3,1,1,3,2,0,1,1,0,0,0
天通股份,2,0,1,1,1,0,1,0,0,1,0,0
宏达股份,0,0,0,0,0,0,0,0,0,0,0,0
白云山,2,1,0,1,2,2,0,2,0,0,0,3
长春燃气,0,0,0,0,0,0,0,0,0,0,0,0
国机汽车,3,0,0,3,0,0,1,0,0,0,0,0
澳柯玛,0,0,0,0,0,0,0,0,0,0,0,0
美克家居,9,0,3,3,9,2,4,0,0,2,0,0
西藏珠峰,0,0,2,1,2,0,1,0,2,0,0,2
华夏幸福,10,10,0,9,13,1,10,5,17,10,0,14
航天动力,0,0,0,0,0,0,0,0,0,0,0,0
长江通信,0,0,0,0,0,0,0,0,0,0,0,0
阳泉煤业,8,0,0,0,4,0,2,1,0,0,0,0
山东高速,0,1,3,1,2,0,0,1,0,0,0,2
亚宝药业,4,0,1,1,3,0,0,0,2,1,0,2
浙江龙盛,4,0,0,0,1,0,1,0,0,0,0,0
旭光股份,0,0,0,0,0,0,0,0,0,0,0,0
敦煌种业,0,0,0,0,0,0,0,0,0,0,0,0
精伦电子,0,0,0,0,0,0,1,0,1,2,0,1
恒丰纸业,0,0,0,0,1,0,1,0,0,0,0,0
国旅联合,5,0,0,1,2,2,7,7,2,0,9,4
新农开发,0,0,0,0,0,0,0,0,0,0,0,0
华微电子,0,0,0,0,0,0,0,1,0,0,0,1
华联综超,0,0,0,0,0,0,1,0,0,0,0,0
江西铜业,2,0,0,0,1,0,2,0,1,0,0,3
联创光电,0,0,0,0,0,0,0,0,0,0,0,0
通葡股份,0,0,0,0,0,0,0,0,0,0,0,0
宁波韵升,6,5,3,1,4,0,3,0,1,0,1,3
红星发展,1,0,0,0,0,0,0,0,0,0,0,0
五洲交通,0,0,0,0,0,0,0,0,0,0,0,0
三房巷,0,0,0,0,0,0,0,0,0,0,0,0
万向德农,0,0,0,0,0,0,0,0,0,0,0,0
中航电子,0,0,0,2,3,0,2,1,0,0,0,3
中文传媒,0,2,3,0,1,1,1,0,0,0,1,0
首开股份,9,0,1,0,5,0,6,0,0,2,0,1
宁沪高速,2,0,1,0,3,1,0,1,0,1,2,7
天科股份,0,0,0,0,0,0,0,0,0,0,0,1
宝光股份,0,0,0,0,0,0,0,0,0,0,0,0
健康元,0,0,0,0,0,0,0,0,0,0,0,0
青海春天,0,0,0,0,0,0,0,0,0,0,0,0
广东明珠,0,0,0,0,1,0,0,1,0,0,0,1
金地集团,4,1,2,2,8,4,4,3,2,1,0,1
北巴传媒,0,0,0,0,0,0,0,0,0,0,0,0
海越股份,0,0,0,0,0,0,0,0,0,0,0,0
龙净环保,5,2,2,0,4,0,1,3,1,1,0,1
江山股份,0,0,0,0,0,0,0,0,0,0,0,0
成发科技,2,1,2,2,3,1,2,0,0,0,0,0
盛和资源,3,0,0,0,0,0,0,7,0,1,0,0
盘江股份,6,0,0,2,2,0,1,1,1,0,0,2
金山股份,0,0,1,0,0,0,0,0,0,0,0,0
安源煤业,6,3,2,1,2,0,1,0,0,0,0,0
海澜之家,8,1,0,9,14,3,15,2,0,0,3,0
抚顺特钢,3,1,1,4,4,0,2,2,0,1,0,4
红豆股份,0,0,0,0,1,0,0,1,0,1,1,0
大有能源,5,0,0,0,2,0,1,0,0,0,0,0
动力源,0,0,1,0,0,0,0,0,0,0,0,0
国电南瑞,3,0,0,0,5,1,3,0,1,4,0,1
三友化工,2,0,2,0,4,0,0,0,0,1,3,8
华胜天成,5,1,0,1,1,0,2,1,1,0,0,0
小商品城,7,2,3,1,1,2,3,4,6,0,0,2
湘电股份,1,1,0,6,1,1,2,3,0,0,1,2
江淮汽车,5,3,3,12,11,9,18,17,4,5,8,5
天润乳业,0,0,0,0,0,0,0,0,0,0,0,2
仰帆控股,0,0,0,0,0,0,0,0,0,0,0,0
昆药集团,3,0,3,3,7,1,9,2,0,2,1,3
柳化股份,0,0,0,0,0,0,0,0,0,0,0,0
青松建化,1,0,0,0,0,0,0,1,0,0,0,0
华鲁恒升,7,0,4,2,6,0,4,0,0,0,0,5
中远航运,2,0,0,0,2,0,2,0,0,0,0,0
三元股份,2,0,0,1,1,0,0,0,0,3,0,0
冠豪高新,0,0,0,1,1,0,0,2,2,1,0,5
北方导航,0,0,0,0,0,0,0,0,0,0,0,0
片仔癀,8,0,0,0,6,1,4,1,0,1,1,0
通威股份,3,10,1,4,4,1,4,1,2,0,1,0
瑞贝卡,2,1,2,0,2,0,2,0,0,0,0,0
金证股份,3,0,4,2,7,0,10,0,0,4,0,7
华纺股份,0,0,0,0,0,0,0,0,0,0,0,0
宁夏建材,2,0,0,0,2,0,0,0,0,0,0,2
涪陵电力,0,0,0,0,0,0,0,0,0,0,0,12
宝钛股份,2,0,0,0,0,0,1,0,1,1,0,0
时代新材,0,0,1,0,0,0,0,1,0,0,0,0
贵研铂业,3,0,0,0,2,1,0,0,0,0,0,0
士兰微,1,0,1,1,3,0,1,0,0,0,1,0
空港股份,0,0,1,0,1,0,1,2,1,0,0,0
蓝光发展,1,0,2,1,1,0,0,0,0,1,0,0
好当家,1,2,0,1,0,0,0,0,0,7,0,0
百利电气,0,0,0,0,1,0,0,0,0,1,0,0
风神股份,4,0,1,1,2,0,0,0,0,0,0,0
六国化工,0,0,1,0,1,0,2,0,0,0,0,0
华光股份,1,0,0,0,2,0,0,0,0,0,0,0
湘邮科技,0,0,0,0,0,0,0,0,0,0,0,1
杭萧钢构,0,0,0,0,0,1,0,0,1,1,1,1
科力远,2,0,0,0,0,0,1,3,9,2,2,0
千金药业,1,1,1,0,3,1,1,2,0,1,1,0
凌云股份,0,0,1,1,1,0,0,0,0,0,0,0
双良节能,5,4,0,1,2,0,0,0,0,0,1,0
福能股份,0,3,2,5,0,4,3,1,3,1,1,2
信威集团,1,0,0,0,0,0,0,0,1,9,0,1
扬农化工,7,1,0,0,6,0,5,1,0,0,1,7
亨通光电,3,1,2,3,8,3,2,7,10,6,1,0
天药股份,0,0,0,0,0,0,0,0,0,0,0,0
中金黄金,3,0,0,0,3,0,0,0,0,0,0,0
龙元建设,2,0,0,0,1,3,2,0,0,0,0,0
凤竹纺织,0,0,0,0,0,0,0,0,0,0,0,0
晋西车轴,0,0,0,0,0,0,0,0,0,0,0,0
精工钢构,6,0,0,3,3,0,3,1,0,1,2,0
驰宏锌锗,2,0,1,0,1,1,0,0,0,0,0,2
烽火通信,7,1,0,4,6,0,3,0,2,1,2,6
中化国际,0,1,0,0,0,0,1,1,0,0,0,1
航天晨光,0,0,0,1,0,0,1,0,0,0,0,0
华丽家族,0,2,0,0,0,0,0,0,0,0,0,0
西昌电力,0,0,0,0,1,0,0,0,0,0,0,0
香梨股份,0,0,0,0,0,0,0,0,0,0,0,0
方大特钢,1,0,1,0,4,0,5,0,0,0,1,0
上海能源,0,0,0,0,0,0,0,0,0,0,0,1
天富能源,0,0,0,0,0,2,0,0,0,0,0,0
黑牡丹,0,0,0,0,1,0,1,0,0,0,0,0
国药股份,3,0,0,0,2,0,4,0,0,0,0,3
腾达建设,0,0,0,0,0,0,0,0,0,0,0,0
联环药业,3,0,0,0,0,0,0,0,0,0,0,0
方大炭素,4,0,1,6,2,0,2,0,2,0,1,0
置信电气,2,1,3,0,1,0,3,5,2,2,2,0
康美药业,10,9,6,0,5,3,6,3,2,3,0,5
贵州茅台,26,2,1,4,22,2,23,0,6,3,5,26
华海药业,16,2,6,2,7,0,10,0,0,3,4,0
中天科技,5,3,2,2,5,1,8,2,1,3,5,1
贵航股份,0,0,0,0,0,0,0,0,0,0,0,0
长园集团,7,1,1,3,4,0,3,3,0,2,3,1
菲达环保,0,0,0,0,0,0,0,0,0,0,0,0
江南高纤,1,0,0,1,0,0,0,0,0,0,0,0
中铁二局,0,0,0,0,0,0,0,0,0,0,0,0
山东药玻,0,0,0,0,0,0,0,0,0,0,0,0
豫光金铅,0,1,0,0,1,0,0,0,1,1,1,0
宏达矿业,0,0,0,0,0,0,0,0,0,0,0,0
栖霞建设,0,0,0,0,2,0,3,0,1,0,0,3
天士力,17,2,0,1,12,1,8,1,1,0,1,11
中国软件,0,0,1,0,0,0,0,0,0,0,0,0
亿晶光电,1,0,0,0,2,0,2,0,0,0,0,2
国发股份,0,0,0,0,0,0,0,0,0,0,0,0
新赛股份,0,0,0,0,0,0,0,0,0,0,0,0
莫高股份,0,0,0,0,0,0,0,0,0,0,0,0
新疆城建,0,0,0,0,1,0,0,0,0,0,0,0
山东黄金,3,1,0,0,4,0,1,0,0,0,0,2
深高速,1,0,0,0,2,0,0,0,1,2,2,9
厦门钨业,4,1,0,1,3,2,1,0,0,0,0,2
保变电气,1,0,0,0,0,0,0,0,0,0,0,0
时代出版,0,1,0,0,0,0,0,3,0,1,0,1
凯盛科技,3,2,0,1,0,0,3,0,1,0,0,2
慧球科技,0,0,0,0,0,0,0,1,1,1,0,0
康缘药业,7,1,5,0,5,0,2,0,0,0,0,0
大西洋,0,0,0,0,0,0,0,0,0,0,0,0
老白干酒,6,0,0,6,1,2,8,0,0,0,0,0
金自天正,1,0,0,0,0,0,0,0,0,0,0,0
江西长运,2,0,0,0,0,0,0,1,0,0,1,1
国睿科技,3,0,1,4,1,1,2,2,2,0,7,3
法拉电子,2,0,0,0,3,0,3,4,1,3,0,6
迪马股份,0,2,0,1,2,0,1,0,2,1,2,2
济川药业,2,0,0,1,5,1,1,1,0,0,2,5
山鹰纸业,0,0,0,0,0,0,0,0,0,0,0,0
安阳钢铁,0,0,0,0,0,0,0,0,0,0,0,0
恒生电子,15,4,17,9,5,2,5,1,0,2,1,9
信雅达,1,0,1,5,1,0,0,0,0,0,0,1
康恩贝,9,2,3,7,4,0,3,3,3,2,0,0
惠泉啤酒,0,0,0,0,0,0,0,0,0,0,0,0
万家文化,0,1,0,1,0,0,2,1,2,0,2,3
精达股份,0,0,0,0,0,0,0,0,0,0,0,0
京能电力,1,0,0,1,0,0,0,0,0,0,0,0
天华院,0,0,0,0,1,0,0,1,0,2,1,0
卧龙电气,7,2,0,0,4,0,2,1,0,0,0,0
天地科技,4,0,2,2,1,0,1,2,0,1,0,1
海油工程,3,0,0,1,7,1,6,0,1,2,0,5
海螺水泥,9,1,3,0,11,0,9,1,1,0,0,15
金晶科技,0,0,0,0,0,0,0,0,0,0,0,1
新华医疗,5,0,0,0,2,0,0,6,0,0,0,0
用友网络,12,2,7,13,6,2,3,6,2,1,1,12
泰豪科技,0,0,3,2,1,0,1,2,0,2,1,1
龙溪股份,0,0,0,0,0,0,0,0,0,0,0,0
大连圣亚,0,1,0,0,1,0,4,1,2,1,1,7
益佰制药,4,2,0,9,3,4,3,2,1,6,1,1
中孚实业,0,0,0,0,0,0,0,0,0,0,0,3
新安股份,1,0,6,0,3,0,1,2,1,0,0,0
光明乳业,4,0,10,5,6,2,0,6,0,0,3,0
熊猫金控,0,0,0,0,0,0,0,0,0,0,0,0
青岛啤酒,3,0,2,2,7,0,5,1,1,0,1,4
方正科技,0,0,0,0,0,0,0,0,0,0,0,0
仪电电子,0,0,0,0,0,0,0,0,1,0,1,1
市北高新,1,0,0,0,2,0,2,0,0,0,0,2
汇通能源,0,0,0,0,0,0,0,0,0,0,0,0
绿地控股,2,0,0,0,2,1,6,0,2,3,0,2
大众交通,0,0,0,0,0,0,0,0,0,0,0,1
老凤祥,10,0,0,0,8,1,7,0,0,0,0,0
神奇制药,1,0,0,0,0,0,0,0,0,0,0,0
鼎立股份,0,0,0,0,1,0,0,2,0,0,1,0
丰华股份,0,0,0,0,0,0,0,0,0,0,0,0
金枫酒业,0,1,0,0,1,0,0,0,0,0,0,0
国新能源,3,0,0,1,1,0,1,0,0,0,0,1
氯碱化工,0,0,0,0,0,0,0,0,0,0,0,0
海立股份,0,0,0,0,0,0,0,0,0,0,0,0
华鑫股份,0,0,0,0,0,0,0,0,0,0,0,0
嘉宝集团,0,0,0,0,0,1,2,0,4,8,1,0
双钱股份,0,0,0,0,0,0,0,0,0,0,0,0
申达股份,0,0,0,0,0,0,0,0,0,0,0,0
新世界,0,0,4,3,4,0,2,1,0,0,2,0
华建集团,2,0,0,0,1,0,0,0,0,0,0,0
龙头股份,0,0,0,0,0,0,0,0,0,0,0,1
浙报传媒,5,2,0,1,2,3,1,1,5,0,1,1
中技控股,0,0,0,0,0,0,0,0,0,0,0,0
大众公用,0,0,0,0,0,0,0,0,0,1,0,0
三爱富,0,0,0,0,1,0,0,0,0,1,0,2
东方明珠,2,2,4,4,5,1,0,2,5,4,0,0
新黄浦,0,0,0,0,0,0,0,0,0,0,0,0
浦东金桥,0,0,1,0,2,0,0,2,0,0,0,0
号百控股,2,1,0,0,1,0,0,1,0,1,0,0
申能股份,5,0,1,0,3,0,0,1,0,0,0,0
同达创业,2,1,0,0,0,0,0,0,0,0,0,0
外高桥,1,0,1,0,2,0,1,0,0,0,0,0
城投控股,0,0,0,0,1,0,2,0,0,0,0,1
锦江投资,0,0,0,0,1,0,0,0,0,1,0,1
飞乐音响,2,0,2,0,1,0,0,0,1,0,0,0
申华控股,0,0,0,0,0,0,0,0,0,0,0,0
豫园商城,8,2,0,1,1,1,0,6,0,1,1,3
信达地产,0,0,1,0,5,0,0,0,0,0,0,2
电子城,0,0,0,0,0,0,0,0,0,0,1,0
福耀玻璃,4,1,0,5,1,0,4,4,0,0,0,8
新南洋,4,0,0,0,0,0,1,2,0,0,0,2
强生控股,0,0,0,0,0,1,0,1,0,0,0,0
陆家嘴,2,0,0,3,0,0,4,0,0,1,0,10
哈药股份,0,0,0,0,0,0,0,0,0,0,0,0
天地源,0,0,0,0,0,0,0,0,0,0,0,0
奥瑞德,0,0,1,3,1,0,0,0,2,0,1,2
太极实业,1,0,0,1,3,0,0,0,0,1,0,3
尖峰集团,1,0,0,0,0,0,0,0,0,0,0,0
东阳光科,0,0,0,0,1,0,0,0,0,0,0,0
川投能源,6,0,0,1,6,2,1,1,0,2,0,2
交运股份,0,0,0,0,0,0,0,0,0,0,0,0
航天通信,0,2,1,0,0,1,1,0,0,0,0,0
四川金顶,0,0,0,0,0,1,0,0,0,0,0,0
上海凤凰,0,0,0,0,0,0,0,0,0,0,0,0
上海普天,0,0,0,0,0,0,0,0,0,0,0,0
京投银泰,0,0,0,1,1,1,3,1,2,0,0,1
珠江实业,0,0,0,0,0,0,0,0,0,0,0,0
中船防务,1,1,0,0,2,0,0,0,0,1,0,2
金龙汽车,5,4,0,2,9,1,9,2,0,3,0,2
刚泰控股,4,0,1,1,2,1,0,1,1,0,1,4
上海石化,0,0,0,0,0,0,0,0,0,0,0,0
青岛海尔,11,13,3,1,7,2,1,11,0,12,1,5
亚通股份,0,0,0,0,0,0,0,0,0,0,0,0
东百集团,2,0,0,0,1,0,0,1,0,4,1,4
大商股份,3,0,1,2,2,0,3,0,0,0,0,0
绿庭投资,0,0,0,0,0,0,0,0,0,0,0,0
匹凸匹,0,0,0,0,0,0,0,0,0,0,0,0
欧亚集团,18,1,0,2,8,1,9,0,1,0,0,0
湖南天雁,0,0,0,0,0,0,0,0,0,0,0,0
均胜电子,10,2,3,3,11,2,9,0,0,1,7,19
沱牌舍得,2,0,0,0,2,0,0,0,1,3,1,0
三安光电,14,1,13,9,15,0,11,2,7,2,1,5
物产中大,0,0,0,0,0,0,0,0,0,0,0,0
曲江文旅,0,1,0,0,2,0,0,1,0,1,0,1
彩虹股份,0,0,0,0,1,0,1,0,0,0,0,0
光明地产,0,0,0,0,0,0,0,0,0,0,0,0
盛屯矿业,3,8,3,3,10,0,2,0,0,0,0,3
南宁百货,0,0,0,0,0,0,0,0,0,0,0,0
南京医药,6,1,2,1,3,0,2,0,0,0,0,0
金瑞矿业,0,0,0,0,0,0,0,0,0,0,0,0
凤凰股份,0,0,0,0,0,0,0,0,0,0,0,0
天津港,0,0,0,0,1,0,0,0,0,0,0,1
东软集团,0,0,0,0,0,0,0,0,12,4,2,9
祁连山,2,2,1,1,4,0,5,0,0,1,0,6
首商股份,1,1,0,0,2,0,0,2,0,0,0,2
宁波富达,0,0,0,0,0,0,0,0,0,0,0,0
华电能源,0,0,0,0,0,0,0,0,0,0,0,0
鲁北化工,0,0,0,0,0,0,0,0,0,1,0,0
佳都科技,10,1,0,2,1,1,2,2,1,2,1,7
中国高科,0,0,0,2,0,0,1,2,1,0,3,1
湖南海利,0,0,0,0,0,0,0,0,1,0,0,0
S前锋,0,0,0,0,0,0,0,0,0,0,0,0
实达集团,0,0,0,0,0,0,0,0,0,1,0,0
新华锦,0,0,0,0,0,1,0,1,3,0,1,0
苏州高新,1,0,0,0,2,0,0,1,0,1,0,2
中粮屯河,1,0,0,0,0,0,0,0,0,0,0,0
兰州民百,0,1,0,0,0,0,0,0,0,0,0,0
山西焦化,1,0,0,0,0,0,0,0,0,0,0,0
华域汽车,6,2,0,0,6,1,6,2,6,0,0,7
一汽富维,2,0,0,0,1,0,0,1,0,0,0,0
华远地产,1,0,0,0,1,0,0,0,0,0,0,0
华银电力,0,0,0,0,0,0,0,0,0,0,0,0
江苏索普,0,0,0,0,0,0,0,0,0,0,0,0
大连控股,0,0,0,0,0,0,0,0,0,0,0,0
上实发展,0,0,2,0,1,0,2,1,2,1,1,3
西藏旅游,4,0,0,0,2,2,0,2,0,0,4,1
江中药业,3,1,0,1,5,0,4,0,0,0,0,0
天海投资,0,0,0,0,0,0,0,0,0,0,0,0
东方银星,0,0,0,0,0,0,0,0,0,0,0,0
锦江股份,8,3,1,0,6,7,5,6,0,0,0,5
厦门国贸,0,0,0,0,0,0,0,1,0,0,0,0
浪潮软件,0,0,0,0,0,0,0,0,0,1,0,1
长江传媒,0,0,0,0,0,0,0,0,0,0,0,0
红阳能源,0,0,0,0,0,0,0,0,0,0,0,0
安徽合力,1,3,1,0,3,0,1,0,1,0,0,2
中电广通,0,0,0,0,0,0,0,0,0,0,0,0
中航重机,0,0,1,1,1,0,0,0,0,0,0,0
园城黄金,0,0,0,0,0,0,0,0,0,0,0,0
运盛医疗,5,2,2,3,1,1,0,0,0,0,0,0
宁波富邦,0,0,0,0,0,0,0,0,0,0,0,0
祥龙电业,0,0,0,0,0,0,0,0,0,0,0,0
广誉远,0,3,0,0,0,1,0,1,0,0,2,2
西藏城投,0,0,0,0,0,0,0,0,0,0,0,0
汉商集团,0,0,0,0,0,0,0,0,0,0,0,0
南京熊猫,0,0,0,0,0,0,0,0,2,1,1,1
东方通信,2,0,0,0,1,0,0,0,0,0,0,0
友好集团,2,0,0,0,3,0,5,0,0,0,0,0
通宝能源,1,0,0,0,0,0,0,0,1,0,0,0
辅仁药业,0,0,0,0,0,0,0,0,0,1,0,0
新钢股份,4,0,0,0,2,1,1,1,0,1,0,0
新华百货,4,3,1,1,2,0,1,0,1,0,0,0
中储股份,1,0,0,0,3,4,1,2,0,0,1,5
鲁抗医药,0,0,0,0,0,0,0,0,0,0,0,0
轻纺城,8,0,0,0,5,0,2,0,0,0,0,1
京能置业,0,0,0,0,0,0,0,0,0,0,0,0
云煤能源,0,0,0,0,0,0,0,0,0,0,0,0
保税科技,0,0,0,0,1,0,2,0,0,0,0,1
国电电力,3,2,1,0,5,0,1,2,0,2,0,0
钱江生化,0,0,0,0,0,0,0,0,0,0,0,0
浙大网新,0,0,2,0,1,0,0,0,1,0,0,0
宁波海运,0,0,0,0,0,0,0,1,0,0,0,0
天津磁卡,0,0,0,0,0,0,0,0,0,0,0,0
华新水泥,6,0,0,1,9,0,6,0,0,3,0,7
福建水泥,0,0,0,0,0,0,0,0,0,0,0,0
新奥股份,6,0,2,0,4,0,4,1,1,1,0,4
鹏博士,12,1,2,1,9,1,7,1,0,1,1,2
天业股份,1,0,3,0,0,0,0,0,1,0,0,0
马钢股份,4,4,0,0,4,0,3,0,0,2,2,2
山西汾酒,6,0,0,1,9,1,10,0,1,10,2,2
神马股份,1,0,0,0,0,0,0,0,0,0,0,0
东方集团,0,0,0,0,0,0,0,0,0,0,0,0
华北制药,0,0,0,0,0,0,0,2,0,1,0,1
杭州解百,0,0,0,0,0,0,0,0,0,1,1,1
厦工股份,1,0,0,0,0,0,0,0,0,0,0,1
中路股份,0,2,0,0,0,1,0,1,1,1,0,0
耀皮玻璃,0,0,0,0,0,0,0,0,0,0,0,0
隧道股份,4,0,1,1,3,2,2,0,0,0,0,0
津劝业,0,0,0,0,0,0,0,0,0,0,0,0
上海物贸,0,0,0,0,0,0,0,0,0,0,0,0
世茂股份,1,0,0,1,6,1,4,1,0,2,0,10
益民集团,2,0,1,0,2,0,2,0,0,0,0,0
新华传媒,0,0,0,0,0,0,0,0,0,0,0,0
兰生股份,1,1,0,0,0,0,0,0,0,0,0,3
百联股份,1,0,1,0,1,0,0,0,0,0,0,0
人民同泰,0,0,0,0,0,0,0,0,0,0,0,0
香溢融通,0,0,0,0,0,0,0,0,0,0,0,0
广电网络,0,0,1,0,0,1,1,0,0,0,3,4
第一医药,0,0,0,0,0,0,0,0,0,0,0,0
申通地铁,0,1,0,0,1,0,0,0,0,0,0,0
上海机电,12,2,2,5,5,1,2,0,0,0,2,2
界龙实业,0,0,1,0,0,0,0,0,0,0,0,0
上海九百,0,0,0,0,0,0,0,0,0,0,0,0
四川长虹,1,0,0,0,0,0,1,0,1,1,0,0
上柴股份,0,0,0,0,0,0,1,0,0,2,0,0
上工申贝,0,0,0,0,3,0,0,1,0,0,0,1
丹化科技,1,1,0,0,3,0,0,0,0,0,0,0
宝信软件,0,0,0,0,0,1,6,2,0,0,0,2
同济科技,0,0,0,0,0,0,0,0,0,0,0,0
上海临港,0,0,0,0,0,0,1,0,0,0,0,0
华东电脑,4,0,0,0,1,0,1,0,0,0,0,0
海欣股份,0,0,0,0,0,0,0,0,0,0,0,0
龙建股份,1,0,0,0,0,0,0,0,1,0,0,0
春兰股份,0,0,0,0,0,0,0,0,0,0,0,0
航天长峰,0,0,0,0,0,0,0,0,0,0,0,0
中天能源,0,1,3,2,1,0,3,2,1,3,3,1
宁波中百,0,0,0,0,0,0,0,0,0,0,0,0
银座股份,7,2,0,0,3,0,3,0,0,0,0,4
王府井,7,1,1,1,7,2,6,0,0,5,0,7
北京城乡,0,0,0,0,0,0,0,0,0,0,0,0
南通科技,0,0,0,0,0,0,0,0,0,0,0,0
内蒙华电,0,0,0,0,0,0,0,0,0,0,0,0
哈投股份,0,0,0,0,0,0,0,0,0,0,0,0
百大集团,0,0,0,0,0,0,4,3,2,0,1,2
通化东宝,7,0,0,7,9,1,10,1,2,13,3,1
梅雁吉祥,0,0,0,0,0,0,0,0,0,0,0,0
智慧能源,8,1,0,1,2,3,0,1,2,1,2,0
石化油服,0,0,0,0,0,0,0,0,0,0,0,0
中炬高新,20,0,0,0,8,15,14,3,2,0,3,0
梅花生物,12,5,5,6,13,2,5,1,0,0,0,2
创业环保,0,0,0,0,1,0,2,0,0,0,0,1
东方电气,2,0,0,0,0,1,1,0,0,0,0,0
洛阳玻璃,0,1,1,0,0,0,1,0,0,0,1,0
中国嘉陵,0,0,0,0,0,0,0,0,0,0,0,0
航天电子,0,0,0,0,1,2,1,1,1,1,4,1
博瑞传播,0,1,3,0,2,1,2,0,1,3,0,0
亚泰集团,0,0,0,0,0,0,0,1,0,0,0,0
博闻科技,0,0,0,0,0,0,0,0,0,0,0,0
杉杉股份,5,2,0,2,5,0,5,3,0,1,1,1
宏发股份,4,1,3,4,3,0,1,4,2,1,0,10
国投电力,4,0,2,0,0,3,1,1,0,2,2,0
伊利股份,20,4,8,4,21,0,2,14,4,3,1,11
新疆众和,2,0,0,0,1,0,1,0,0,0,0,0
南京化纤,0,0,0,0,1,0,0,0,0,0,0,0
秋林集团,0,0,0,0,0,0,0,0,0,0,0,0
宝诚股份,0,0,0,0,0,0,0,0,0,0,0,0
中航动力,11,1,0,0,9,0,7,2,1,0,0,0
广日股份,3,1,1,1,3,2,3,0,0,0,0,0
中海海盛,0,0,0,0,1,0,0,3,0,0,1,2
厦门空港,0,0,0,1,2,1,1,2,0,0,1,1
三联商社,0,0,0,0,0,0,0,0,0,0,0,0
重庆燃气,0,0,0,0,0,0,1,1,0,0,0,0
渤海活塞,0,0,0,0,0,0,0,0,0,0,0,1
株冶集团,1,0,0,0,0,0,0,0,0,0,0,0
岳阳林纸,0,0,5,5,1,0,7,1,1,0,0,4
福成股份,0,0,0,0,1,0,0,3,2,1,1,1
博汇纸业,0,0,0,0,0,0,0,0,0,0,0,0
郴电国际,1,0,0,0,3,0,1,0,0,1,0,1
中材国际,0,0,3,0,5,0,2,2,0,5,0,3
恒源煤电,4,0,0,0,1,0,0,2,0,0,0,1
宝胜股份,1,0,0,0,2,0,1,1,0,0,0,0
新五丰,0,0,0,0,0,0,0,0,0,2,1,0
健民集团,2,0,0,1,3,0,1,0,1,0,0,4
广安爱众,1,0,1,0,3,2,0,2,0,0,0,0
北矿磁材,0,0,0,0,0,0,0,0,0,0,0,0
汇鸿集团,0,0,0,0,0,0,0,0,0,0,0,0
宁波热电,0,0,0,0,0,0,0,0,0,0,0,0
雷鸣科化,0,0,0,0,0,0,0,0,0,0,0,0
科达股份,0,1,0,0,0,0,0,0,0,0,0,2
航民股份,5,1,0,0,3,0,4,1,0,0,6,11
赤峰黄金,4,1,2,2,0,0,0,1,1,2,1,2
贵绳股份,0,0,0,0,0,0,0,0,0,0,0,0
马应龙,0,1,1,0,2,0,1,0,0,0,0,3
文山电力,1,0,0,0,1,0,0,1,0,1,0,0
开滦股份,1,0,0,0,2,0,0,1,0,0,0,1
九州通,1,1,0,1,0,0,1,0,1,2,0,0
唐山港,1,0,0,0,1,0,0,0,0,1,0,0
大同煤业,1,0,0,0,1,1,0,0,0,0,0,0
晋亿实业,0,0,0,0,0,0,0,0,0,0,0,0
重庆钢铁,0,0,0,0,0,1,0,0,0,0,0,1
大秦铁路,6,1,1,0,6,0,9,5,0,1,7,0
金陵饭店,1,0,1,0,2,1,0,2,1,0,0,6
连云港,0,0,0,0,0,0,1,0,0,0,0,1
文峰股份,1,0,0,0,1,0,0,1,0,0,0,0
宝泰隆,3,4,0,2,2,0,2,0,0,1,0,2
隆基股份,6,0,0,1,3,4,7,7,10,14,13,34
陕西黑猫,1,0,0,0,2,0,0,1,0,0,0,0
节能风电,0,0,0,0,0,0,0,0,0,0,0,0
玉龙股份,4,3,3,6,0,0,8,0,2,0,1,5
一拖股份,0,0,0,0,1,0,1,0,0,0,0,0
赛轮金宇,7,1,1,0,3,0,4,5,0,3,0,3
中国神华,5,1,1,2,11,2,8,1,3,0,3,10
中南传媒,10,0,0,1,5,8,5,2,0,1,0,0
恒立液压,1,1,0,2,4,0,6,5,2,0,1,0
昊华能源,4,0,0,0,3,0,1,0,0,0,0,0
中国一重,0,0,0,0,0,0,0,0,0,0,0,0
四川成渝,1,1,0,0,0,0,0,0,0,0,0,0
中国国航,4,1,0,6,6,0,6,1,0,3,3,5
华鼎股份,0,0,0,0,0,0,0,0,0,0,0,0
三江购物,1,0,0,0,2,0,1,1,0,0,0,0
中国化学,2,0,0,0,1,0,1,0,0,0,0,0
海南橡胶,0,1,0,0,3,0,0,1,0,0,0,0
四方股份,1,1,3,2,5,2,5,0,0,0,1,3
博威合金,0,0,2,0,1,0,0,0,0,0,0,1
深圳燃气,0,0,0,0,2,1,3,2,0,2,0,4
重庆水务,0,1,2,1,3,0,0,1,0,0,0,0
西部矿业,0,0,0,0,0,0,1,0,0,0,0,0
杭齿前进,1,1,0,0,0,0,0,0,0,0,0,0
中国西电,3,0,1,1,2,0,1,1,1,1,0,1
中国铁建,1,0,0,0,3,1,1,0,0,0,0,2
龙江交通,0,0,0,0,0,0,0,0,0,0,0,0
江南水务,1,0,2,1,1,2,6,2,2,3,1,4
东材科技,1,0,0,0,0,1,0,0,0,0,0,0
君正集团,0,0,0,0,0,0,0,0,0,0,0,0
吉鑫科技,0,0,0,0,1,0,0,0,0,0,0,0
林洋能源,7,9,0,0,15,3,0,0,0,0,0,3
陕西煤业,8,0,0,1,3,0,1,0,0,0,0,0
华电重工,0,0,0,0,0,0,0,0,0,0,0,0
环旭电子,8,1,0,0,0,0,3,0,0,2,2,3
桐昆股份,22,6,3,5,3,1,3,0,1,0,1,0
广汽集团,2,1,1,1,2,0,1,2,1,0,1,3
庞大集团,6,0,1,0,0,0,0,0,0,0,0,0
骆驼股份,12,5,1,9,2,3,9,1,7,2,1,2
江南嘉捷,0,0,0,0,0,0,0,0,0,0,0,0
广深铁路,0,0,0,0,0,0,0,0,0,0,0,0
百隆东方,2,0,1,1,1,0,2,0,0,0,0,2
陕鼓动力,0,0,0,0,1,0,0,0,0,0,0,0
中国中铁,6,1,0,0,3,3,3,2,0,1,2,4
东风股份,4,2,1,0,2,0,3,0,0,0,0,0
吉林高速,0,0,0,0,0,0,0,0,0,0,0,0
大智慧,2,0,0,0,0,1,0,1,0,1,0,0
九牧王,5,6,4,3,6,2,4,1,0,2,1,0
三星医疗,0,0,0,0,0,1,0,0,1,0,1,0
会稽山,1,0,1,1,0,0,0,0,1,0,0,1
北辰实业,3,1,1,0,4,0,3,0,3,1,0,4
鹿港科技,0,0,0,1,1,0,4,1,0,0,1,0
中国铝业,0,0,0,0,0,0,0,0,0,0,0,0
上海医药,8,10,0,2,4,0,3,0,0,0,0,3
中信重工,0,0,0,0,0,0,0,0,0,0,0,0
广电电气,0,0,0,0,0,0,0,0,0,0,0,0
中国中冶,2,0,0,0,1,0,2,0,6,0,0,2
长城汽车,20,6,4,16,5,5,16,4,3,7,0,8
旗滨集团,1,0,0,0,2,0,1,0,0,2,0,2
平煤股份,3,0,0,0,0,0,0,0,0,0,0,0
中国建筑,12,2,2,1,7,2,8,2,4,7,1,4
中国电建,4,1,1,0,2,0,0,2,0,0,2,0
明泰铝业,1,0,1,0,1,0,3,0,0,0,0,0
滨化股份,1,0,0,0,0,0,1,0,0,0,1,0
潞安环能,0,0,0,0,0,0,0,0,1,0,1,1
风范股份,1,2,0,0,0,0,1,2,0,0,0,0
郑煤机,1,0,0,0,1,0,1,0,0,1,0,0
际华集团,0,1,0,0,1,0,0,0,0,0,0,1
上海电气,12,2,2,5,5,1,2,0,0,0,2,2
中国中车,5,0,2,1,2,1,0,1,0,1,0,12
力帆股份,1,0,3,0,0,0,0,1,1,0,2,2
宁波建工,0,0,0,0,2,0,0,0,0,1,1,0
蓝科高新,0,0,0,0,0,0,0,0,0,0,0,0
星宇股份,1,0,1,1,3,1,3,7,3,1,1,8
中国交建,2,0,0,0,3,1,0,0,0,0,0,2
皖新传媒,3,3,0,0,5,2,10,4,7,0,1,2
中海油服,6,2,3,2,5,1,2,2,1,2,3,7
中国石油,7,1,1,0,7,1,3,5,3,3,1,3
中海集运,6,0,0,0,3,0,3,0,0,1,0,3
招商轮船,3,0,0,2,3,1,4,0,0,2,1,4
大连港,0,0,0,0,0,0,1,0,0,0,0,1
江河集团,5,1,1,8,5,0,5,1,3,0,1,13
中国国旅,8,0,13,2,13,2,7,3,8,4,16,5
亚星锚链,2,0,0,0,0,0,0,0,0,0,0,0
中煤能源,0,0,4,0,5,0,4,1,2,1,0,8
紫金矿业,2,4,0,2,3,0,3,1,1,0,2,7
京运通,2,0,0,1,2,0,3,0,0,3,0,5
中国远洋,2,3,0,1,3,0,2,0,0,0,0,3
凤凰传媒,7,3,0,1,5,0,6,1,1,1,0,0
吉视传媒,0,0,1,0,1,2,0,0,0,0,0,1
永辉超市,17,6,6,17,11,1,10,4,1,1,3,3
金钼股份,1,0,0,0,1,0,0,0,1,0,0,0
中国汽研,2,1,1,0,2,0,1,0,0,0,0,2
海南矿业,1,3,0,0,1,0,1,0,0,1,0,1
中国重工,2,1,2,0,2,0,1,0,0,0,0,0
大唐发电,0,0,0,0,6,0,4,0,0,3,0,3
金隅股份,8,0,0,0,4,1,2,1,0,1,0,7
丰林集团,0,0,0,0,0,0,0,0,0,0,0,0
出版传媒,1,0,0,0,0,0,0,0,0,0,0,0
人民网,5,1,0,0,2,0,0,1,0,0,0,0
奥康国际,4,2,10,7,7,1,9,4,1,2,0,0
宏昌电子,0,0,0,0,0,0,0,0,1,0,0,0
龙宇燃油,0,0,0,0,0,0,0,0,0,0,0,0
晶方科技,4,0,0,0,1,0,0,0,0,0,0,0
联明股份,0,0,0,0,0,0,0,1,2,0,1,2
喜临门,16,0,1,1,11,0,10,1,0,4,0,7
北特科技,0,0,0,0,0,0,0,0,0,0,0,0
合锻股份,0,0,0,0,0,0,0,0,0,0,0,0
中衡设计,0,0,0,0,0,1,0,1,0,0,5,1
设计股份,2,0,0,0,2,0,1,0,0,0,0,1
中科曙光,0,1,1,1,0,1,1,5,0,3,2,8
和邦生物,7,2,1,3,0,0,0,0,0,0,1,0
宁波精达,0,0,0,0,0,0,0,0,0,0,0,0
长白山,3,1,0,1,5,0,3,0,0,0,0,4
川仪股份,1,1,0,0,0,0,1,0,0,0,0,1
康尼机电,9,1,0,0,1,5,7,2,1,1,0,1
翠微股份,1,0,0,0,1,0,0,1,0,0,0,0
中材节能,1,0,0,0,0,0,0,0,0,0,0,0
华贸物流,3,0,0,0,1,0,0,2,0,2,0,1
福达股份,0,0,0,0,0,0,0,0,0,0,0,0
渤海轮渡,0,0,0,1,5,0,4,0,1,0,0,0
莎普爱思,0,0,0,0,0,0,0,0,0,0,0,1
兰石重装,0,0,0,0,0,0,0,0,0,0,0,0
亚邦股份,0,0,0,0,0,0,0,0,0,0,0,0
海天味业,10,2,0,1,13,1,18,0,1,0,2,22
华懋科技,0,0,1,0,2,0,2,0,0,1,0,0
应流股份,11,3,7,6,5,3,7,1,17,5,0,2
依顿电子,0,0,0,0,0,0,0,0,0,0,0,0
明星电缆,0,0,0,0,0,0,0,0,0,0,0,0
日出东方,0,3,1,3,0,0,2,0,0,0,0,0
柳州医药,2,4,0,4,0,0,1,0,2,1,0,3
今世缘,1,0,0,0,0,0,0,3,2,1,1,2
新华龙,0,0,0,0,0,0,0,0,0,0,0,0
九洲药业,3,1,1,5,0,0,3,2,2,3,3,0
维格娜丝,2,0,0,1,1,0,0,0,2,0,0,0
贵人鸟,12,8,1,5,8,0,2,11,1,1,1,1
高能环境,4,0,5,4,4,0,3,1,0,1,5,0
东方电缆,0,0,0,0,1,0,0,0,0,0,0,0
禾丰牧业,5,1,0,0,3,0,1,0,1,0,0,4
南威软件,0,0,0,0,0,0,0,0,0,0,0,0
石英股份,0,0,0,0,0,0,0,0,1,0,0,0
纽威股份,1,2,2,2,2,0,1,1,0,0,0,0
隆鑫通用,6,1,4,8,3,2,6,2,3,8,3,4
福斯特,1,0,0,1,2,0,2,0,0,2,1,4
新澳股份,1,0,0,0,1,0,0,0,0,0,0,1
中电电机,0,0,0,0,0,0,0,0,0,0,0,0
洛阳钼业,0,0,0,1,1,0,0,0,0,0,0,1
方盛制药,0,1,0,0,1,0,0,0,0,0,0,2
