股票,2016年3月,2016年2月,2016年1月,2015年12月,2015年11月,2015年10月,2015年9月,2015年8月,2015年7月,2015年6月,2015年5月,2015年4月
深振业A,2,0,0,0,0,0,0,1,1,1,0,2
深物业A,0,0,0,0,0,0,0,0,0,0,0,0
沙河股份,0,0,0,0,0,0,0,0,0,0,0,0
深中华A,0,0,0,0,0,0,0,0,0,0,0,0
深深宝A,0,0,0,0,0,0,0,0,0,0,0,0
深圳能源,0,0,1,0,0,0,2,0,0,0,0,1
深深房A,0,0,0,0,0,0,0,0,0,0,0,0
富奥股份,0,0,0,0,0,0,0,0,0,1,1,2
中集集团,4,0,0,0,0,3,2,4,2,2,1,5
中航地产,5,0,2,1,1,0,0,2,0,0,0,0
深纺织A,0,0,0,0,0,0,0,0,0,0,1,0
农产品,0,1,0,3,1,1,0,2,0,1,0,5
盐田港,0,0,0,0,0,0,0,0,0,0,0,0
广聚能源,0,0,0,0,0,0,0,0,0,0,0,0
中信海直,6,0,0,2,0,2,1,2,0,0,1,1
TCL集团,1,3,3,5,0,10,1,9,6,1,7,13
中成股份,0,0,0,0,0,0,0,0,0,0,0,0
美的集团,37,1,5,3,1,11,3,18,6,5,0,15
潍柴动力,3,0,0,0,1,0,0,2,0,1,0,2
许继电气,11,0,1,0,1,4,3,9,1,0,3,3
冀东水泥,0,0,1,0,0,2,0,5,0,0,0,15
金融街,1,0,0,1,3,0,2,1,0,0,0,4
华意压缩,3,0,0,0,0,1,0,1,0,0,0,1
小天鹅A,10,2,3,3,1,6,0,9,0,0,1,8
通程控股,0,0,0,0,0,0,0,1,0,0,0,0
湖北宜化,0,0,0,0,0,0,0,0,0,0,0,0
东阿阿胶,15,1,0,2,5,11,1,13,0,1,0,9
华天酒店,1,0,2,2,0,0,0,0,0,0,1,1
晨鸣纸业,15,0,5,1,5,14,0,5,1,2,1,7
山东路桥,4,0,0,0,0,0,0,1,0,2,1,1
鄂武商A,0,0,0,0,2,1,0,6,0,0,0,7
岭南控股,7,1,0,0,0,0,1,5,0,2,0,0
柳工,0,0,0,0,0,0,0,0,0,0,0,0
穗恒运A,0,0,0,0,0,0,0,0,0,0,0,0
广宇发展,0,0,0,0,0,0,0,0,0,0,0,0
云南白药,0,0,0,0,5,2,0,13,0,0,0,11
湖南投资,0,0,0,0,0,0,0,0,0,0,0,0
江铃汽车,9,0,3,1,4,6,2,5,4,1,3,8
泰山石油,0,0,0,1,0,0,0,0,0,0,0,0
万向钱潮,0,1,0,1,0,1,1,0,1,0,0,0
烽火电子,0,0,1,1,0,0,0,0,0,0,1,1
泸州老窖,4,1,6,18,4,11,2,19,4,2,1,13
苏常柴A,0,0,0,0,0,0,0,0,0,0,0,0
海马汽车,0,0,0,0,0,0,0,0,0,0,0,1
粤宏远A,0,0,0,0,0,0,0,0,0,0,0,0
广东甘化,0,0,0,0,0,0,0,0,0,0,0,0
古井贡酒,11,1,0,1,2,6,1,13,1,1,2,6
兴蓉环境,7,0,2,0,0,3,0,1,3,0,0,3
大东海A,1,0,0,0,0,0,0,0,1,0,0,0
海螺型材,2,0,0,0,0,0,0,2,0,0,0,0
顺发恒业,0,0,0,1,0,0,0,0,0,0,0,0
英力特,0,0,0,0,0,0,0,0,0,0,0,0
茂化实华,0,0,0,0,0,0,0,0,0,0,0,1
西王食品,2,0,0,0,0,3,5,8,4,4,0,2
泰达股份,0,0,0,0,0,0,0,0,0,0,0,0
长春高新,8,0,1,0,0,3,1,6,0,1,1,6
襄阳轴承,0,1,0,1,0,0,0,0,0,0,1,0
山推股份,0,0,1,0,0,0,0,0,0,0,0,0
东方电子,0,0,0,0,0,0,0,0,0,0,0,0
正虹科技,0,0,0,0,0,0,0,0,0,0,0,0
浙江震元,0,0,0,0,0,0,0,0,0,0,1,1
丰乐种业,0,0,0,0,0,0,0,0,0,0,0,0
湖南发展,2,0,0,0,4,0,0,1,0,1,0,0
燕京啤酒,0,1,1,1,1,3,0,8,1,0,2,5
四川美丰,1,0,0,0,0,1,0,1,1,0,0,1
罗牛山,0,0,0,0,0,0,0,0,0,0,0,0
中色股份,0,0,5,0,5,0,1,14,3,3,1,7
中百集团,7,5,2,1,1,5,0,5,0,1,0,3
西藏矿业,0,0,0,0,0,0,0,1,0,0,0,0
中核科技,1,0,0,0,0,1,0,1,0,0,0,0
武汉中商,0,0,0,0,0,1,0,0,0,0,1,0
万年青,2,0,0,0,2,0,0,5,0,2,0,4
甘肃电投,0,0,0,0,0,0,1,0,0,0,0,0
智慧农业,0,0,0,0,1,0,0,2,0,5,1,8
山东海化,2,0,0,0,0,0,0,0,0,0,0,0
超声电子,0,0,0,0,0,0,0,0,0,0,0,0
太钢不锈,0,0,1,0,2,4,1,3,2,1,0,3
鲁西化工,0,0,0,0,0,0,0,1,0,0,0,0
承德露露,4,0,0,0,0,8,1,6,1,1,1,6
安凯客车,0,0,0,0,0,0,0,0,0,0,0,0
张裕A,0,2,1,2,5,10,2,11,1,2,3,13
天山股份,3,0,1,0,0,1,0,4,0,0,0,2
潍柴重机,0,0,0,0,0,0,0,0,0,0,0,1
海南高速,0,0,0,0,0,0,0,0,0,0,0,0
峨眉山A,9,1,2,1,1,2,0,8,1,7,1,17
双汇发展,18,2,3,8,1,9,1,13,3,0,4,10
津滨发展,0,0,0,0,0,0,0,0,0,0,0,0
鞍钢股份,4,1,1,1,4,4,1,3,3,2,1,3
现代投资,1,0,0,0,0,0,0,1,0,0,0,2
物产中拓,0,1,2,1,3,2,2,2,0,0,1,2
大亚科技,7,0,2,0,0,2,2,3,0,2,2,3
山大华特,1,1,0,0,0,1,0,0,1,3,1,0
华北高速,0,0,0,0,0,3,0,4,0,0,0,4
金陵药业,2,2,0,0,0,1,0,2,1,0,0,2
海信科龙,4,0,0,0,0,0,0,1,0,0,0,1
佳电股份,0,0,0,0,0,0,0,1,0,1,0,0
河北宣工,0,0,0,0,0,0,0,0,0,0,0,0
中粮生化,0,0,0,0,0,0,0,0,0,0,0,0
中关村,0,1,0,0,0,0,0,0,0,0,0,0
华西股份,3,0,1,3,2,0,0,0,0,0,0,0
冀中能源,1,0,0,1,2,0,0,3,0,0,0,4
中国重汽,2,1,1,0,0,1,0,1,0,0,0,1
中通客车,0,1,2,0,4,0,0,2,1,0,1,2
天保基建,0,0,0,0,0,0,0,0,0,0,0,0
长源电力,0,0,0,0,0,0,0,1,0,0,0,0
西山煤电,0,6,1,0,0,1,0,0,1,0,0,6
大庆华科,0,0,0,0,0,0,0,0,0,0,0,0
闽东电力,0,0,1,0,1,0,0,0,0,0,0,1
隆平高科,0,4,3,4,0,6,2,11,6,3,4,11
华润三九,6,0,0,0,0,3,0,7,0,1,0,5
东信和平,0,0,0,0,0,0,0,0,0,0,0,0
航天电器,0,0,0,0,0,2,0,2,0,0,0,1
思源电气,3,0,4,0,0,2,0,1,1,0,0,4
苏泊尔,7,6,1,2,1,5,1,2,0,0,0,3
丽江旅游,12,4,3,3,2,5,2,8,2,1,1,11
黔源电力,4,0,0,2,0,0,0,1,0,0,0,0
登海种业,2,3,0,0,1,5,1,8,1,1,1,13
中工国际,14,1,5,1,0,7,0,4,0,0,0,5
威尔泰,0,0,0,0,0,1,0,0,0,0,0,0
华峰氨纶,0,0,0,0,0,0,0,0,0,0,0,1
瑞泰科技,0,0,0,0,0,0,0,0,0,0,0,0
孚日股份,1,0,0,0,0,0,0,1,1,1,0,0
生意宝,0,0,0,0,0,0,0,0,0,0,0,2
南岭民爆,0,0,0,0,0,0,0,0,0,0,0,0
天康生物,3,2,0,1,2,1,0,6,0,0,1,14
信隆实业,1,0,0,0,0,0,0,0,0,0,0,0
天马股份,0,0,0,0,0,0,0,1,0,0,0,0
露天煤业,3,0,0,0,0,0,0,0,0,0,0,0
宏达高科,0,0,0,0,0,0,0,0,0,0,0,0
石基信息,5,0,0,3,3,4,2,5,4,0,4,4
中航光电,5,2,0,0,3,5,1,6,6,1,2,5
华天科技,1,0,1,0,2,4,1,7,0,0,0,0
全聚德,5,1,0,1,0,2,1,5,1,0,0,1
广百股份,0,0,0,0,0,1,1,1,0,0,0,3
利达光电,0,0,0,0,0,0,0,0,0,0,0,0
嘉应制药,0,0,0,0,0,0,0,0,0,0,0,1
金风科技,7,1,1,0,2,7,0,10,4,2,1,8
大连重工,0,0,0,0,0,0,0,0,0,0,0,0
国统股份,0,0,0,0,0,0,0,0,0,1,0,0
福晶科技,0,0,0,0,0,0,0,0,0,0,0,0
奥特迅,0,0,0,0,0,0,0,1,0,0,1,1
启明信息,0,0,0,0,0,0,0,0,0,1,0,0
通产丽星,1,0,0,0,0,6,0,6,0,1,1,0
上海莱士,1,1,1,0,0,1,1,2,2,0,1,1
恩华药业,2,6,0,0,0,5,1,0,6,1,0,1
陕天然气,1,0,0,0,0,0,0,1,0,0,1,2
东方雨虹,3,5,0,0,1,9,1,9,3,0,7,5
水晶光电,2,0,2,0,0,1,0,1,0,0,0,0
博深工具,1,0,1,0,0,0,0,0,0,0,0,0
信立泰,7,7,1,1,1,2,0,4,1,0,1,8
博云新材,0,0,0,0,0,0,0,0,0,0,0,1
太阳电缆,0,0,0,0,0,0,0,0,0,0,0,0
洋河股份,2,8,0,0,3,8,2,11,0,3,8,12
北新路桥,0,0,0,0,0,0,0,1,0,0,0,0
海大集团,12,8,2,1,0,6,0,0,10,1,5,12
焦点科技,0,0,0,0,0,1,0,1,0,2,0,5
仙琚制药,2,0,0,1,0,0,0,0,0,0,0,1
赛象科技,0,0,0,0,0,0,0,0,0,0,1,0
奥普光电,0,0,1,0,0,0,0,0,0,0,0,0
漫步者,0,0,0,0,1,0,1,2,0,2,2,0
鼎泰新材,0,0,0,0,0,0,0,0,0,0,0,0
汉王科技,0,0,0,0,0,0,0,0,1,0,0,0
永安药业,1,0,1,0,0,2,1,4,2,3,2,0
伟星新材,1,6,0,0,0,9,1,9,4,1,2,17
大北农,3,8,0,1,0,8,0,10,9,0,6,16
天原集团,0,0,0,0,0,0,0,0,0,0,0,0
长青股份,0,0,0,0,0,0,0,0,0,0,0,2
力生制药,0,0,0,0,0,0,0,1,0,0,0,0
联发股份,0,2,1,3,0,1,0,3,0,0,0,2
天虹商场,3,1,0,1,3,2,3,3,1,1,3,1
毅昌股份,0,0,0,1,0,0,0,0,0,0,0,0
贵州百灵,0,0,0,1,1,0,0,0,0,0,0,1
闰土股份,1,0,0,0,0,2,0,1,0,0,0,1
青龙管业,1,0,0,0,0,0,0,0,0,0,0,0
沪电股份,0,0,0,0,0,1,1,1,0,0,1,0
天齐锂业,11,5,7,0,3,8,1,8,2,1,1,6
常宝股份,2,0,0,0,2,3,0,2,0,1,1,3
江海股份,3,0,1,0,1,4,0,2,0,1,1,2
山东墨龙,1,0,0,0,0,0,0,0,0,0,0,0
雅化集团,0,0,0,0,0,1,0,1,0,0,1,1
天汽模,3,3,0,0,0,3,0,0,0,0,0,0
金杯电工,1,0,0,0,0,0,0,0,0,0,0,0
杭锅股份,4,2,1,2,0,0,0,0,0,0,0,0
亚太科技,0,0,0,0,0,1,2,2,0,0,0,0
徐家汇,0,0,0,0,0,1,0,2,0,0,0,0
双星新材,0,1,0,0,0,0,1,0,0,2,0,0
豪迈科技,8,1,1,0,2,3,0,5,1,0,1,3
哈尔斯,2,0,5,1,0,2,0,2,0,0,0,2
亚玛顿,0,1,2,2,0,1,0,2,3,0,0,4
宜昌交运,0,0,0,0,1,1,0,0,0,0,1,0
永高股份,0,0,1,0,0,2,1,3,0,2,1,5
青青稞酒,0,0,0,0,0,2,0,5,0,1,3,6
雪迪龙,14,3,0,1,0,4,1,0,5,7,0,5
奋达科技,2,0,3,1,0,1,3,3,3,0,0,5
华东重机,0,0,0,0,0,0,0,0,0,0,0,0
远程电缆,0,0,0,0,0,0,0,0,0,0,0,0
新疆浩源,0,0,0,0,0,0,0,0,0,0,0,0
新宝股份,4,0,0,1,1,0,0,0,0,0,0,0
海洋王,0,0,0,0,0,0,0,0,0,0,0,0
龙大肉食,1,0,0,0,0,0,0,2,1,1,0,0
萃华珠宝,0,0,0,0,0,0,0,0,0,0,0,0
燕塘乳业,0,0,0,0,0,0,1,0,2,0,0,0
葵花药业,0,0,0,1,0,3,2,0,2,1,0,0
机器人,10,1,0,1,4,9,0,3,0,0,0,3
天龙光电,0,0,0,0,0,0,0,0,0,0,0,0
同花顺,0,0,0,0,0,3,2,3,1,2,1,3
朗科科技,0,0,0,0,0,0,0,0,0,0,0,0
世纪鼎利,1,2,0,0,3,2,0,5,0,0,0,9
安诺其,0,0,0,0,0,1,0,1,2,0,0,0
三聚环保,6,0,2,2,3,9,1,1,2,1,1,4
达刚路机,1,0,1,1,0,0,0,0,1,2,0,2
龙源技术,0,0,0,0,0,0,0,0,0,0,0,0
建新股份,0,0,0,0,0,0,0,0,0,0,0,0
中航电测,0,0,0,0,0,0,0,0,0,0,0,0
长盈精密,5,2,2,2,1,9,0,12,2,4,7,10
银河磁体,4,0,1,0,1,1,0,3,1,0,1,1
晨光生物,1,2,0,0,0,1,0,1,0,0,1,0
晓程科技,0,0,0,1,0,0,0,0,0,0,0,1
朗源股份,0,0,0,0,0,0,0,0,0,0,0,0
鸿特精密,0,0,0,0,0,0,0,0,0,1,0,0
四方达,0,0,0,0,0,0,0,0,0,0,1,2
高盟新材,0,0,0,0,0,0,0,0,0,0,0,0
舒泰神,0,0,0,0,0,0,0,0,0,0,0,0
森远股份,1,1,1,2,2,3,1,5,4,0,0,0
亿通科技,1,0,0,2,0,0,0,0,0,0,0,0
安利股份,2,1,2,0,0,1,0,3,4,0,1,1
北京君正,0,0,0,0,1,2,0,1,1,0,0,1
银信科技,1,1,0,0,0,2,0,1,2,0,0,1
美晨科技,3,0,0,0,0,2,0,4,1,4,1,4
宝莱特,1,0,0,0,0,0,0,1,0,1,0,1
仟源医药,0,0,0,0,0,0,0,0,0,0,0,0
精锻科技,1,2,2,3,1,0,0,2,0,0,0,2
佳创视讯,0,0,0,0,0,0,0,0,0,1,0,0
中威电子,1,1,1,0,0,0,0,0,0,1,2,3
梅安森,0,0,0,0,0,0,0,0,0,0,0,0
三丰智能,0,0,0,0,0,0,0,0,0,0,0,0
裕兴股份,0,0,0,0,0,0,0,0,0,0,0,1
同大股份,0,0,0,0,0,0,0,0,0,0,0,0
兆日科技,1,2,0,1,0,0,0,1,0,0,0,0
东华测试,0,0,0,1,0,0,0,0,0,0,0,1
我武生物,0,1,0,2,1,0,0,4,0,0,0,0
汇中股份,0,0,0,0,0,0,0,0,0,0,1,2
安硕信息,0,0,0,0,0,0,0,0,0,0,0,3
飞天诚信,0,0,0,0,0,0,0,0,0,0,0,0
艾比森,1,3,2,1,3,2,0,2,1,0,1,3
菲利华,0,0,1,1,1,2,0,0,0,0,0,0
飞凯材料,7,0,2,2,0,6,0,2,1,0,1,3
劲拓股份,2,0,0,1,1,1,0,0,0,1,0,3
地尔汉宇,3,2,1,3,0,2,0,0,0,0,0,3
九强生物,10,3,0,0,0,0,0,0,0,0,0,0
三环集团,5,3,2,1,0,4,1,0,0,0,1,7
白云机场,0,1,2,1,0,0,0,2,1,0,1,1
武钢股份,0,1,1,0,4,3,2,5,3,1,1,9
中国国贸,2,0,0,0,0,1,0,2,0,0,0,1
首创股份,1,0,0,0,0,0,1,0,0,0,2,2
上海机场,16,6,2,3,2,10,1,11,1,3,2,6
包钢股份,0,1,0,0,0,2,0,2,0,0,1,3
华能国际,0,0,0,0,0,0,0,0,0,0,0,0
皖通高速,1,1,0,0,0,0,0,0,1,0,1,0
日照港,0,0,0,0,2,1,0,2,0,0,0,0
上港集团,4,2,1,0,0,2,0,3,0,0,0,4
宝钢股份,7,0,1,0,0,4,1,8,2,3,3,10
中原高速,0,0,0,0,0,0,0,0,0,0,0,0
上海电力,6,0,0,0,0,0,0,3,0,0,1,1
山东钢铁,0,0,1,0,0,2,0,2,0,1,1,2
浙能电力,0,0,0,0,0,1,0,3,0,1,1,2
华电国际,3,0,0,0,0,3,0,6,0,0,0,2
中国石化,6,0,4,3,1,5,1,6,6,1,4,9
南方航空,6,1,3,2,6,4,0,7,3,1,2,9
福建高速,0,0,0,1,0,0,0,0,0,0,0,0
楚天高速,0,0,0,0,0,0,0,1,0,0,0,0
歌华有线,2,0,3,0,5,3,3,9,1,15,2,8
中直股份,4,0,0,0,3,4,2,4,3,0,5,2
保利地产,6,4,9,0,0,11,7,20,2,0,0,0
中国联通,8,4,0,1,2,5,0,2,0,1,1,5
宁波联合,0,0,0,0,0,0,0,0,0,0,0,0
中国医药,0,0,0,0,0,0,0,0,0,1,0,0
古越龙山,2,0,2,1,0,1,0,0,1,1,0,3
南京高科,3,0,0,1,0,3,1,2,2,1,1,2
宇通客车,6,5,5,3,4,14,4,13,2,2,3,6
葛洲坝,1,0,0,0,2,0,0,1,0,1,1,3
海泰发展,0,0,0,0,0,0,0,0,0,0,0,0
同仁堂,6,0,0,4,3,0,0,5,0,1,0,2
中视传媒,0,0,0,0,0,0,0,0,0,0,0,0
云天化,2,0,0,0,1,0,1,3,1,0,0,3
明星电力,0,0,0,0,0,0,0,0,0,0,0,0
亚盛集团,0,0,0,0,0,0,0,2,0,0,0,2
北方稀土,0,0,0,0,0,1,0,1,0,0,0,2
三峡水利,0,0,3,0,1,2,2,0,0,0,0,0
中国卫星,0,0,0,0,0,1,1,7,2,1,5,2
兰花科创,1,0,0,0,0,2,1,3,0,0,0,4
弘业股份,0,0,0,0,0,0,0,0,0,0,0,0
岷江水电,0,0,0,0,0,0,0,0,0,0,0,0
重庆啤酒,0,0,1,2,0,0,0,0,0,0,0,0
乐凯胶片,1,0,0,0,0,0,0,0,0,0,0,0
中青旅,7,0,9,3,1,9,3,23,1,2,3,29
长春一东,0,0,0,0,0,0,0,0,0,0,0,0
中国船舶,0,0,0,0,0,0,0,2,0,0,0,1
维科精华,0,0,0,0,0,0,0,0,0,0,0,0
中体产业,1,0,0,2,1,1,0,1,0,0,1,1
大龙地产,0,0,0,0,0,0,0,0,0,0,0,0
福田汽车,0,0,0,0,1,0,0,0,0,0,0,0
上海贝岭,0,0,0,0,1,0,0,0,0,0,1,0
S佳通,0,0,0,0,0,0,0,0,0,0,0,0
生益科技,1,0,1,0,0,1,0,1,0,0,0,1
光电股份,0,0,1,0,1,1,1,0,0,0,0,2
长城电工,0,0,0,0,0,0,0,0,0,0,0,0
伊力特,0,0,0,0,0,0,0,0,0,0,0,0
大唐电信,0,0,0,0,1,0,0,1,0,1,0,3
金种子酒,0,0,0,0,0,0,0,0,0,0,0,0
紫江企业,0,0,0,0,0,0,0,0,0,0,0,0
亚星客车,0,0,0,0,0,0,0,0,0,0,0,0
浙江医药,0,1,0,0,0,0,0,0,0,0,0,0
太龙药业,0,0,0,0,0,1,0,1,1,3,0,6
鲁商置业,5,0,0,2,0,1,0,2,1,0,1,2
民丰特纸,0,0,0,0,0,1,0,1,0,0,0,2
延长化建,0,0,0,0,0,1,0,0,0,0,0,0
两面针,0,0,0,0,0,0,0,0,0,0,0,3
阳光照明,0,0,0,0,0,2,0,8,2,0,0,8
北方股份,0,1,0,0,0,0,0,0,0,0,0,0
海正药业,0,0,0,0,0,1,0,1,0,0,0,1
国电南自,0,0,0,0,0,0,0,0,0,0,1,0
赣粤高速,0,0,0,0,0,0,0,1,0,0,1,0
外运发展,8,3,3,6,1,5,0,3,2,1,2,4
开开实业,0,0,0,0,0,0,0,0,0,0,0,0
恒瑞医药,0,8,3,2,5,13,8,11,4,4,3,14
重庆港九,1,0,0,0,0,0,0,0,0,0,0,0
钱江水利,1,0,1,0,1,0,0,0,0,0,0,1
浦东建设,2,0,0,0,0,0,0,1,0,0,0,0
江苏舜天,0,0,0,0,0,0,0,0,0,0,0,1
鄂尔多斯,0,0,0,0,0,0,0,0,0,0,0,0
安琪酵母,14,8,12,2,3,7,2,7,12,1,0,6
标准股份,0,0,0,0,0,0,0,0,0,0,0,0
恒顺醋业,7,2,3,0,0,14,1,13,4,1,1,5
洪都航空,1,0,0,0,1,0,0,0,0,0,0,1
营口港,0,0,0,0,0,0,0,0,0,0,0,0
振华重工,0,0,0,0,0,0,0,0,0,0,0,0
天房发展,0,0,0,0,1,0,0,1,0,0,0,0
中新药业,0,0,0,1,1,0,2,3,1,1,3,3
航天动力,0,0,0,0,0,0,0,0,0,0,0,0
长江通信,0,0,0,0,0,0,0,0,0,0,0,0
阳泉煤业,0,0,0,0,1,2,0,4,0,0,0,8
山东高速,2,0,0,0,1,0,0,2,1,3,1,0
华联综超,0,0,0,0,0,1,0,0,0,0,0,0
红星发展,0,0,0,0,0,0,0,0,0,0,0,1
三房巷,0,0,0,0,0,0,0,0,0,0,0,0
中文传媒,0,1,0,0,0,1,1,1,0,3,2,0
宁沪高速,7,2,1,0,1,0,1,3,0,1,0,2
北巴传媒,0,0,0,0,0,0,0,0,0,0,0,0
安源煤业,0,0,0,0,0,1,0,2,1,2,3,6
大有能源,0,0,0,0,0,1,0,2,0,0,0,5
国电南瑞,1,0,4,1,0,3,1,5,0,0,0,3
仰帆控股,0,0,0,0,0,0,0,0,0,0,0,0
柳化股份,0,0,0,0,0,0,0,0,0,0,0,0
青松建化,0,0,0,0,1,0,0,0,0,0,0,1
宁夏建材,2,0,0,0,0,0,0,2,0,0,0,2
宝钛股份,0,0,1,1,0,1,0,0,0,0,0,2
时代新材,0,0,0,0,1,0,0,0,0,1,0,0
贵研铂业,0,0,0,0,0,0,1,2,0,0,0,3
士兰微,0,1,0,0,0,1,0,3,1,1,0,1
凌云股份,0,0,0,0,0,0,0,1,1,1,0,0
晋西车轴,0,0,0,0,0,0,0,0,0,0,0,0
香梨股份,0,0,0,0,0,0,0,0,0,0,0,0
方大特钢,0,1,0,0,0,5,0,4,0,1,0,1
上海能源,1,0,0,0,0,0,0,0,0,0,0,0
天富能源,0,0,0,0,0,0,2,0,0,0,0,0
黑牡丹,0,0,0,0,0,1,0,1,0,0,0,0
联环药业,0,0,0,0,0,0,0,0,0,0,0,3
贵州茅台,26,5,3,6,0,23,2,22,4,1,2,26
贵航股份,0,0,0,0,0,0,0,0,0,0,0,0
江南高纤,0,0,0,0,0,0,0,0,1,0,0,1
天士力,11,1,0,1,1,8,1,12,1,0,2,17
莫高股份,0,0,0,0,0,0,0,0,0,0,0,0
新疆城建,0,0,0,0,0,0,0,1,0,0,0,0
厦门钨业,2,0,0,0,0,1,2,3,1,0,1,4
保变电气,0,0,0,0,0,0,0,0,0,0,0,1
时代出版,1,0,1,0,3,0,0,0,0,0,1,0
康缘药业,0,0,0,0,0,2,0,5,0,5,1,7
老白干酒,0,0,0,0,0,8,2,1,6,0,0,6
金自天正,0,0,0,0,0,0,0,0,0,0,0,1
法拉电子,6,0,3,1,4,3,0,3,0,0,0,2
惠泉啤酒,0,0,0,0,0,0,0,0,0,0,0,0
海油工程,5,0,2,1,0,6,1,7,1,0,0,3
海螺水泥,15,0,0,1,1,9,0,11,0,3,1,9
金晶科技,1,0,0,0,0,0,0,0,0,0,0,0
青岛啤酒,4,1,0,1,1,5,0,7,2,2,0,3
神奇制药,0,0,0,0,0,0,0,0,0,0,0,1
丰华股份,0,0,0,0,0,0,0,0,0,0,0,0
金枫酒业,0,0,0,0,0,0,0,1,0,0,1,0
国新能源,1,0,0,0,0,1,0,1,1,0,0,3
氯碱化工,0,0,0,0,0,0,0,0,0,0,0,0
龙头股份,1,0,0,0,0,0,0,0,0,0,0,0
三爱富,2,0,1,0,0,0,0,1,0,0,0,0
新黄浦,0,0,0,0,0,0,0,0,0,0,0,0
号百控股,0,0,1,0,1,0,0,1,0,0,1,2
申能股份,0,0,0,0,1,0,0,3,0,1,0,5
锦江投资,1,0,1,0,0,0,0,1,0,0,0,0
福耀玻璃,8,0,0,0,4,4,0,1,5,0,1,4
强生控股,0,0,0,0,1,0,1,0,0,0,0,0
天地源,0,0,0,0,0,0,0,0,0,0,0,0
尖峰集团,0,0,0,0,0,0,0,0,0,0,0,1
川投能源,2,0,2,0,1,1,2,6,1,0,0,6
上海普天,0,0,0,0,0,0,0,0,0,0,0,0
珠江实业,0,0,0,0,0,0,0,0,0,0,0,0
中船防务,2,0,1,0,0,0,0,2,0,0,1,1
上海石化,0,0,0,0,0,0,0,0,0,0,0,0
亚通股份,0,0,0,0,0,0,0,0,0,0,0,0
大商股份,0,0,0,0,0,3,0,2,2,1,0,3
湖南天雁,0,0,0,0,0,0,0,0,0,0,0,0
南宁百货,0,0,0,0,0,0,0,0,0,0,0,0
天津港,1,0,0,0,0,0,0,1,0,0,0,0
祁连山,6,0,1,0,0,5,0,4,1,1,2,2
首商股份,2,0,0,0,2,0,0,2,0,0,1,1
宁波富达,0,0,0,0,0,0,0,0,0,0,0,0
华电能源,0,0,0,0,0,0,0,0,0,0,0,0
中粮屯河,0,0,0,0,0,0,0,0,0,0,0,1
一汽富维,0,0,0,0,1,0,0,1,0,0,0,2
江中药业,0,0,0,0,0,4,0,5,1,0,1,3
厦门国贸,0,0,0,0,1,0,0,0,0,0,0,0
长江传媒,0,0,0,0,0,0,0,0,0,0,0,0
安徽合力,2,0,0,1,0,1,0,3,0,1,3,1
西藏城投,0,0,0,0,0,0,0,0,0,0,0,0
南京熊猫,1,1,1,2,0,0,0,0,0,0,0,0
新钢股份,0,0,1,0,1,1,1,2,0,0,0,4
鲁抗医药,0,0,0,0,0,0,0,0,0,0,0,0
国电电力,0,0,2,0,2,1,0,5,0,1,2,3
钱江生化,0,0,0,0,0,0,0,0,0,0,0,0
天津磁卡,0,0,0,0,0,0,0,0,0,0,0,0
福建水泥,0,0,0,0,0,0,0,0,0,0,0,0
悦达投资,0,0,0,0,0,0,0,2,1,2,1,4
马钢股份,2,2,2,0,0,3,0,4,0,0,4,4
山西汾酒,2,2,10,1,0,10,1,9,1,0,0,6
华北制药,1,0,1,0,2,0,0,0,0,0,0,0
杭州解百,1,1,1,0,0,0,0,0,0,0,0,0
耀皮玻璃,0,0,0,0,0,0,0,0,0,0,0,0
隧道股份,0,0,0,0,0,2,2,3,1,1,0,4
世茂股份,10,0,2,0,1,4,1,6,1,0,0,1
益民集团,0,0,0,0,0,2,0,2,0,1,0,2
兰生股份,3,0,0,0,0,0,0,0,0,0,1,1
人民同泰,0,0,0,0,0,0,0,0,0,0,0,0
第一医药,0,0,0,0,0,0,0,0,0,0,0,0
申通地铁,0,0,0,0,0,0,0,1,0,0,1,0
上海机电,2,2,0,0,0,2,1,5,5,2,2,12
上海九百,0,0,0,0,0,0,0,0,0,0,0,0
上柴股份,0,0,2,0,0,1,0,0,0,0,0,0
春兰股份,0,0,0,0,0,0,0,0,0,0,0,0
航天长峰,0,0,0,0,0,0,0,0,0,0,0,0
宁波中百,0,0,0,0,0,0,0,0,0,0,0,0
北京城乡,0,0,0,0,0,0,0,0,0,0,0,0
内蒙华电,0,0,0,0,0,0,0,0,0,0,0,0
梅雁吉祥,0,0,0,0,0,0,0,0,0,0,0,0
石化油服,0,0,0,0,0,0,0,0,0,0,0,0
创业环保,1,0,0,0,0,2,0,1,0,0,0,0
东方电气,0,0,0,0,0,1,1,0,0,0,0,2
博闻科技,0,0,0,0,0,0,0,0,0,0,0,0
宏发股份,10,0,1,2,4,1,0,3,4,3,1,4
伊利股份,11,1,3,4,14,2,0,21,4,8,4,20
新疆众和,0,0,0,0,0,1,0,1,0,0,0,2
南京化纤,0,0,0,0,0,0,0,1,0,0,0,0
宝诚股份,0,0,0,0,0,0,0,0,0,0,0,0
厦门空港,1,1,0,0,2,1,1,2,1,0,0,0
重庆燃气,0,0,0,0,1,1,0,0,0,0,0,0
恒源煤电,1,0,0,0,2,0,0,1,0,0,0,4
宝胜股份,0,0,0,0,1,1,0,2,0,0,0,1
健民集团,4,0,0,1,0,1,0,3,1,0,0,2
北矿磁材,0,0,0,0,0,0,0,0,0,0,0,0
航民股份,11,6,0,0,1,4,0,3,0,0,1,5
贵绳股份,0,0,0,0,0,0,0,0,0,0,0,0
马应龙,3,0,0,0,0,1,0,2,0,1,1,0
晋亿实业,0,0,0,0,0,0,0,0,0,0,0,0
大秦铁路,0,7,1,0,5,9,0,6,0,1,1,6
连云港,1,0,0,0,0,1,0,0,0,0,0,0
一拖股份,0,0,0,0,0,1,0,1,0,0,0,0
中国神华,10,3,0,3,1,8,2,11,2,1,1,5
中南传媒,0,0,1,0,2,5,8,5,1,0,0,10
昊华能源,0,0,0,0,0,1,0,3,0,0,0,4
四川成渝,0,0,0,0,0,0,0,0,0,0,1,1
三江购物,0,0,0,0,1,1,0,2,0,0,0,1
中国化学,0,0,0,0,0,1,0,1,0,0,0,2
深圳燃气,4,0,2,0,2,3,1,2,0,0,0,0
杭齿前进,0,0,0,0,0,0,0,0,0,0,1,1
中国西电,1,0,1,1,1,1,0,2,1,1,0,3
中国铁建,2,0,0,0,0,1,1,3,0,0,0,1
龙江交通,0,0,0,0,0,0,0,0,0,0,0,0
东材科技,0,0,0,0,0,0,1,0,0,0,0,1
吉鑫科技,0,0,0,0,0,0,0,1,0,0,0,0
陕西煤业,0,0,0,0,0,1,0,3,1,0,0,8
广汽集团,3,1,0,1,2,1,0,2,1,1,1,2
广深铁路,0,0,0,0,0,0,0,0,0,0,0,0
百隆东方,2,0,0,0,0,2,0,1,1,1,0,2
陕鼓动力,0,0,0,0,0,0,0,1,0,0,0,0
中国铝业,0,0,0,0,0,0,0,0,0,0,0,0
上海医药,3,0,0,0,0,3,0,4,2,0,10,8
平煤股份,0,0,0,0,0,0,0,0,0,0,0,3
中国建筑,4,1,7,4,2,8,2,7,1,2,2,12
明泰铝业,0,0,0,0,0,3,0,1,0,1,0,1
蓝科高新,0,0,0,0,0,0,0,0,0,0,0,0
中国交建,2,0,0,0,0,0,1,3,0,0,0,2
中海油服,7,3,2,1,2,2,1,5,2,3,2,6
中国石油,3,1,3,3,5,3,1,7,0,1,1,7
招商轮船,4,1,2,0,0,4,1,3,2,0,0,3
大连港,1,0,0,0,0,1,0,0,0,0,0,0
中煤能源,8,0,1,2,1,4,0,5,0,4,0,0
金钼股份,0,0,0,1,0,0,0,1,0,0,0,1
中国汽研,2,0,0,0,0,1,0,2,0,1,1,2
大唐发电,3,0,3,0,0,4,0,6,0,0,0,0
金隅股份,7,0,1,0,1,2,1,4,0,0,0,8
出版传媒,0,0,0,0,0,0,0,0,0,0,0,1
人民网,0,0,0,0,1,0,0,2,0,0,1,5
晶方科技,0,0,0,0,0,0,0,1,0,0,0,4
宁波精达,0,0,0,0,0,0,0,0,0,0,0,0
长白山,4,0,0,0,0,3,0,5,1,0,1,3
川仪股份,1,0,0,0,0,1,0,0,0,0,1,1
翠微股份,0,0,0,0,1,0,0,1,0,0,0,1
渤海轮渡,0,0,0,1,0,4,0,5,1,0,0,0
海天味业,22,2,0,1,0,18,1,13,1,0,2,10
依顿电子,0,0,0,0,0,0,0,0,0,0,0,0
日出东方,0,0,0,0,0,2,0,0,3,1,3,0
东方电缆,0,0,0,0,0,0,0,1,0,0,0,0
纽威股份,0,0,0,0,1,1,0,2,2,2,2,1
中电电机,0,0,0,0,0,0,0,0,0,0,0,0
洛阳钼业,1,0,0,0,0,0,0,1,1,0,0,0
德赛电池,3,0,0,0,2,2,0,1,0,0,3,2
华数传媒,0,0,0,0,2,0,1,2,0,1,2,5
中联重科,7,1,2,0,0,0,2,1,0,11,2,1
吉林敖东,0,0,0,0,0,0,0,0,0,0,0,2
铁岭新城,0,0,0,0,0,0,0,0,0,0,0,0
轴研科技,0,0,0,0,0,0,0,0,0,0,0,0
广东鸿图,1,1,0,0,1,0,0,1,0,0,1,1
沧州明珠,14,4,15,0,0,12,1,1,2,0,1,6
报喜鸟,0,0,1,0,2,3,1,3,4,4,4,8
成飞集成,0,1,1,1,0,0,0,0,0,0,0,0
广田股份,1,3,4,3,5,9,2,6,3,4,7,14
森马服饰,19,7,2,0,9,2,7,12,5,1,1,27
中矿资源,0,0,0,0,0,0,0,0,0,0,0,0
向日葵,0,0,0,0,0,0,0,0,0,0,0,0
尔康制药,1,2,1,0,0,5,0,4,1,0,1,1
三一重工,6,1,1,2,0,0,0,1,0,0,0,5
兖州煤业,0,0,0,0,0,0,0,0,0,0,0,0
太化股份,0,0,0,0,0,0,0,0,0,0,0,0
大恒科技,0,0,0,0,0,0,0,0,0,0,0,0
华泰股份,0,0,0,0,0,0,0,0,0,0,0,1
华发股份,0,0,1,1,3,3,1,3,0,4,0,2
白云山,3,0,0,0,2,0,2,2,1,0,1,2
五洲交通,0,0,0,0,0,0,0,0,0,0,0,0
万向德农,0,0,0,0,0,0,0,0,0,0,0,0
金地集团,1,0,1,2,3,4,4,8,2,2,1,4
昆药集团,3,1,2,0,2,9,1,7,3,3,0,3
北方导航,0,0,0,0,0,0,0,0,0,0,0,0
扬农化工,7,1,0,0,1,5,0,6,0,0,1,7
西昌电力,0,0,0,0,0,0,0,1,0,0,0,0
深高速,9,2,2,1,0,0,0,2,0,0,0,1
龙溪股份,0,0,0,0,0,0,0,0,0,0,0,0
同达创业,0,0,0,0,0,0,0,0,0,0,1,2
汉商集团,0,0,0,0,0,0,0,0,0,0,0,0
通宝能源,0,0,0,1,0,0,0,0,0,0,0,1
鲁信创投,1,3,1,0,0,1,0,0,0,0,0,0
华新水泥,7,0,3,0,0,6,0,9,1,0,0,6
神马股份,0,0,0,0,0,0,0,0,0,0,0,1
厦工股份,1,0,0,0,0,0,0,0,0,0,0,1
新华传媒,0,0,0,0,0,0,0,0,0,0,0,0
香溢融通,0,0,0,0,0,0,0,0,0,0,0,0
亚泰集团,0,0,0,0,1,0,0,0,0,0,0,0
郴电国际,1,0,1,0,0,1,0,3,0,0,0,1
金陵饭店,6,0,0,1,2,0,1,2,0,1,0,1
陕西黑猫,0,0,0,0,1,0,0,2,0,0,0,1
中国一重,0,0,0,0,0,0,0,0,0,0,0,0
华电重工,0,0,0,0,0,0,0,0,0,0,0,0
中材节能,0,0,0,0,0,0,0,0,0,0,0,1
福达股份,0,0,0,0,0,0,0,0,0,0,0,0
深圳机场,9,4,2,1,3,4,0,2,2,0,1,7
力合股份,0,0,0,0,0,0,0,0,0,1,0,0
绵世股份,0,0,0,0,0,0,0,0,0,0,0,0
三木集团,0,0,0,0,0,0,0,0,0,0,0,0
鲁泰A,6,0,0,0,0,5,0,8,4,0,0,4
漳泽电力,0,0,0,0,0,0,0,0,0,0,0,0
岳阳兴长,0,0,0,0,0,0,0,1,0,0,0,1
东莞控股,0,0,0,0,0,0,0,1,0,0,0,3
财信发展,0,1,0,2,2,5,5,6,3,2,3,1
国风塑业,0,0,0,0,0,0,0,0,0,0,0,0
黑猫股份,1,0,0,0,0,0,0,0,0,0,0,0
新野纺织,0,0,0,0,0,1,0,0,0,0,0,0
广电运通,10,0,0,3,4,0,2,5,2,2,1,3
湖南黄金,1,0,1,0,0,0,0,1,0,0,0,0
二三四五,1,0,1,0,0,1,0,3,1,1,1,1
桂林三金,1,0,0,0,0,1,0,1,0,1,2,2
福建金森,0,0,0,0,0,0,0,0,0,0,0,0
爱尔眼科,19,12,6,8,0,19,0,12,0,5,0,17
大禹节水,3,1,1,0,0,0,0,0,0,0,0,0
汇川技术,2,4,8,2,7,12,0,5,3,5,4,9
汤臣倍健,20,11,5,8,4,5,0,4,14,7,5,0
昌红科技,0,0,0,0,0,0,0,0,0,1,2,2
中电环保,5,3,0,1,0,1,0,1,3,0,0,1
理邦仪器,0,0,0,0,0,1,2,1,0,1,2,9
雪浪环境,16,0,0,0,1,6,1,2,1,0,0,2
海信电器,0,0,3,3,3,8,2,10,1,5,2,6
冠城大通,4,0,0,0,0,2,0,2,5,1,2,3
东风科技,2,0,3,0,0,1,0,3,1,0,0,1
广州发展,1,0,0,1,1,0,3,3,1,2,0,2
廊坊发展,0,0,0,0,0,0,0,0,0,0,0,0
福日电子,3,0,0,0,0,0,0,0,1,0,0,1
有研新材,0,0,0,0,0,0,0,0,0,0,0,0
东方创业,0,0,0,0,0,0,0,0,0,0,0,0
中电远达,1,0,0,0,1,1,2,1,2,2,0,0
酒钢宏兴,0,0,1,0,1,2,0,3,0,1,0,2
西藏天路,0,0,0,0,0,1,0,0,0,0,0,1
兰太实业,0,0,0,0,0,0,0,0,0,0,0,0
宏达股份,0,0,0,0,0,0,0,0,0,0,0,0
亚宝药业,2,0,1,2,0,0,0,3,1,1,0,4
浙江龙盛,0,0,0,0,0,1,0,1,0,0,0,4
新农开发,0,0,0,0,0,0,0,0,0,0,0,0
龙净环保,1,0,1,1,3,1,0,4,0,2,2,5
好当家,0,0,7,0,0,0,0,0,1,0,2,1
中金黄金,0,0,0,0,0,0,0,3,0,0,0,3
航天晨光,0,0,0,0,0,1,0,0,1,0,0,0
中国软件,0,0,0,0,0,0,0,0,0,1,0,0
方正科技,0,0,0,0,0,0,0,0,0,0,0,0
大众交通,1,0,0,0,0,0,0,0,0,0,0,0
华鑫股份,0,0,0,0,0,0,0,0,0,0,0,0
复旦复华,0,0,0,0,0,0,0,0,0,0,0,0
浦东金桥,0,0,0,0,2,0,0,2,0,1,0,0
凤凰股份,0,0,0,0,0,0,0,0,0,0,0,0
宁波富邦,0,0,0,0,0,0,0,0,0,0,0,0
东方通信,0,0,0,0,0,0,0,1,0,0,0,2
中储股份,5,1,0,0,2,1,4,3,0,0,0,1
京能置业,0,0,0,0,0,0,0,0,0,0,0,0
云煤能源,0,0,0,0,0,0,0,0,0,0,0,0
津劝业,0,0,0,0,0,0,0,0,0,0,0,0
同济科技,0,0,0,0,0,0,0,0,0,0,0,0
株冶集团,0,0,0,0,0,0,0,0,0,0,0,1
节能风电,0,0,0,0,0,0,0,0,0,0,0,0
林洋能源,3,0,0,0,0,0,3,15,0,0,9,7
环旭电子,3,2,2,0,0,3,0,0,0,0,1,8
江南嘉捷,0,0,0,0,0,0,0,0,0,0,0,0
旗滨集团,2,0,2,0,0,1,0,2,0,0,0,1
滨化股份,0,1,0,0,0,1,0,0,0,0,0,1
凤凰传媒,0,0,1,1,1,6,0,5,1,0,3,7
南威软件,0,0,0,0,0,0,0,0,0,0,0,0
中粮地产,0,0,0,0,0,0,0,0,0,0,0,0
创元科技,0,0,0,0,0,0,0,0,0,0,1,0
美好集团,0,0,0,0,0,0,0,0,0,0,0,0
华东科技,1,0,1,1,2,3,0,2,0,0,0,0
平庄能源,0,0,0,0,0,0,0,1,0,0,0,2
一汽轿车,0,0,0,0,0,0,0,0,0,0,0,0
四川九洲,1,0,0,0,0,4,2,4,0,0,0,2
浪潮信息,0,0,0,0,0,0,1,4,1,0,0,2
华工科技,5,0,0,0,0,0,0,0,0,0,0,0
华兰生物,20,2,4,3,1,8,1,9,0,3,1,3
双鹭药业,0,0,0,0,0,0,0,5,0,0,2,6
东方海洋,0,1,2,0,0,1,0,0,0,0,0,1
天润控股,0,0,0,0,0,0,0,0,1,0,0,0
广宇集团,0,0,0,1,2,0,0,0,0,0,0,1
顺络电子,4,3,1,1,1,4,0,2,0,0,0,0
蓉胜超微,3,1,0,0,0,0,0,0,0,0,0,0
荣盛发展,0,1,0,1,3,9,5,9,2,1,0,3
北纬通信,0,0,0,0,0,0,0,0,1,0,0,1
大华股份,7,9,2,0,0,13,4,11,10,2,3,7
华昌化工,0,0,0,0,0,0,0,1,0,1,1,0
光迅科技,7,2,6,1,3,4,0,4,0,0,0,4
世联行,8,17,7,5,1,10,0,10,14,5,5,10
圣农发展,3,8,9,4,13,2,2,10,5,3,0,7
蓝帆医疗,0,1,0,2,0,0,0,0,0,0,0,0
嘉事堂,0,3,0,0,1,8,2,7,2,1,0,2
千红制药,0,0,0,0,0,0,0,1,0,0,3,6
辉隆股份,0,0,0,0,1,2,0,4,4,4,10,6
德联集团,0,0,0,0,0,1,0,0,0,0,0,1
乔治白,2,1,0,0,0,0,1,0,0,0,0,2
好利来,0,0,0,0,0,0,0,0,0,0,0,0
三川智慧,5,0,0,0,0,3,0,6,3,0,0,4
开尔新材,3,2,0,3,0,4,1,5,5,0,3,5
慈星股份,6,2,1,1,1,1,0,1,0,1,5,18
开元仪器,1,1,1,0,0,0,0,0,0,0,0,0
绿盟科技,4,1,1,2,1,3,0,7,1,4,6,6
象屿股份,0,0,4,4,0,2,0,3,1,0,1,9
宋都股份,2,0,0,0,0,3,0,3,1,0,0,0
禾嘉股份,0,0,0,0,0,2,2,0,1,2,0,0
青山纸业,0,0,0,0,0,0,0,0,0,0,0,0
长江投资,0,0,0,0,0,0,0,0,0,0,0,0
铁龙物流,3,0,0,0,0,3,0,0,0,0,0,0
凌钢股份,2,0,1,0,0,1,0,1,1,1,0,1
云南城投,0,0,0,0,0,0,1,4,0,1,0,1
冠农股份,0,0,0,0,0,1,0,1,1,2,0,1
鑫科材料,0,0,0,0,0,0,0,0,0,0,0,0
北京城建,9,1,0,1,4,1,0,4,1,0,1,2
维维股份,0,0,1,0,0,0,0,0,0,0,0,0
华微电子,1,0,0,0,1,0,0,0,0,0,0,0
瑞贝卡,0,0,0,0,0,2,0,2,0,2,1,2
杭萧钢构,1,1,1,1,0,0,1,0,0,0,0,0
千金药业,0,1,1,0,2,1,1,3,0,1,1,1
双良节能,0,1,0,0,0,0,0,2,1,0,4,5
龙元建设,0,0,0,0,0,2,3,1,0,0,0,2
精工钢构,0,2,1,0,1,3,0,3,3,0,0,6
中化国际,1,0,0,0,1,1,0,0,0,0,1,0
济川药业,5,2,0,0,1,1,1,5,1,0,0,2
精达股份,0,0,0,0,0,0,0,0,0,0,0,0
卧龙电气,0,0,0,0,1,2,0,4,0,0,2,7
新安股份,0,0,0,1,2,1,0,3,0,6,0,1
老凤祥,0,0,0,0,0,7,1,8,0,0,0,10
大众公用,0,0,1,0,0,0,0,0,0,0,0,0
申华控股,0,0,0,0,0,0,0,0,0,0,0,0
四川金顶,0,0,0,0,0,0,1,0,0,0,0,0
宝信软件,2,0,0,0,2,6,1,0,0,0,0,0
张江高科,1,2,0,1,3,1,1,2,0,2,1,2
福成股份,1,1,1,2,3,0,0,1,0,0,0,0
博汇纸业,0,0,0,0,0,0,0,0,0,0,0,0
九州通,0,0,2,1,0,1,0,0,1,0,1,1
华鼎股份,0,0,0,0,0,0,0,0,0,0,0,0
海南橡胶,0,0,0,0,1,0,0,3,0,0,1,0
四方股份,3,1,0,0,0,5,2,5,2,3,1,1
东风股份,0,0,0,0,0,3,0,2,0,1,2,4
亚星锚链,0,0,0,0,0,0,0,0,0,0,0,2
今世缘,2,1,1,2,3,0,0,0,0,0,0,1
石英股份,0,0,0,1,0,0,0,0,0,0,0,0
深天马A,2,4,2,2,2,1,0,4,1,0,0,1
皇庭国际,1,0,2,0,0,0,1,2,2,2,0,0
合肥百货,0,0,0,0,0,4,0,4,0,0,0,8
珠海港,2,0,1,0,0,0,0,0,0,0,0,1
广州浪奇,0,0,0,1,0,1,0,1,1,0,1,0
渝三峡A,0,0,0,0,0,0,0,0,1,0,0,0
威孚高科,1,1,0,0,1,5,1,5,0,1,1,7
黔轮胎A,0,0,0,0,0,0,0,0,0,1,0,0
京东方A,0,0,0,3,0,0,0,3,3,3,0,4
中航动控,0,0,0,0,0,1,0,0,0,0,0,0
浩物股份,1,0,0,0,0,1,0,1,0,0,1,1
中水渔业,0,0,0,0,0,0,0,0,0,0,0,0
京山轻机,0,0,0,0,1,0,1,0,0,0,0,1
秦川机床,0,0,0,0,0,0,0,1,0,1,0,1
同力水泥,1,0,0,1,0,0,0,1,0,0,0,0
南宁糖业,1,0,0,0,2,3,0,1,0,0,1,5
新乡化纤,0,0,0,0,0,0,0,0,0,0,0,0
美欣达,0,0,2,0,0,0,0,0,0,2,1,0
德美化工,0,0,0,0,0,0,0,1,0,0,0,3
粤水电,2,0,0,0,1,1,0,1,0,0,0,0
远光软件,1,0,0,1,2,0,0,1,1,1,0,5
紫鑫药业,0,0,0,0,0,0,0,0,0,0,0,0
悦心健康,0,0,0,0,0,0,0,0,0,0,0,0
云海金属,0,0,2,1,0,0,0,0,1,0,0,1
海得控制,5,1,2,1,0,0,0,0,3,0,0,3
山东如意,1,0,0,0,0,0,0,0,1,0,0,0
拓日新能,2,1,1,0,0,1,0,1,1,0,0,1
联化科技,2,7,0,1,3,9,0,0,9,0,1,21
川大智胜,7,1,0,0,0,2,0,5,0,0,0,5
浙富控股,0,1,0,1,0,0,0,2,1,1,2,0
星期六,0,0,1,0,0,1,0,0,0,0,1,1
华英农业,2,4,6,1,0,2,1,4,1,2,0,5
富安娜,2,3,0,0,1,8,2,12,2,2,7,18
新朋股份,0,0,0,0,1,0,0,0,0,0,0,0
皖通科技,0,0,0,0,0,0,0,1,0,2,0,1
科华恒盛,8,3,4,2,2,3,2,1,1,0,2,6
和而泰,1,5,4,0,0,2,0,1,2,3,1,4
科伦药业,2,0,0,0,1,0,0,2,2,0,0,3
九安医疗,0,0,0,0,0,1,0,1,0,0,2,2
中原内配,3,2,4,1,1,1,0,1,3,0,0,1
国星光电,0,0,0,0,0,0,0,2,0,1,1,1
荣盛石化,5,0,0,1,0,2,0,2,0,1,0,2
老板电器,1,6,12,7,1,15,1,11,19,1,2,21
齐峰新材,3,1,0,0,0,2,1,5,1,0,0,5
司尔特,3,1,0,0,0,5,1,4,8,1,0,1
兄弟科技,1,0,0,0,2,3,0,2,2,0,0,0
益盛药业,0,0,0,0,0,1,0,2,1,0,0,0
通达动力,0,0,0,0,0,0,0,0,0,0,0,3
史丹利,1,5,1,0,1,8,3,8,1,3,5,12
捷顺科技,1,1,0,0,0,9,2,5,0,4,1,7
北玻股份,0,0,0,0,0,0,0,0,0,0,0,0
丹邦科技,1,1,0,1,0,0,0,0,0,0,1,2
三垒股份,1,0,0,0,0,2,1,1,1,0,0,1
佛慈制药,1,0,0,0,0,1,0,0,1,4,0,1
中科金财,2,1,0,0,6,6,5,7,3,0,0,2
美亚光电,3,1,2,2,0,5,0,4,0,0,0,10
煌上煌,4,0,0,0,0,1,0,2,0,1,1,1
钢研高纳,7,0,0,1,0,3,0,0,4,0,0,7
回天新材,1,2,0,0,1,2,0,5,1,1,3,3
国民技术,5,0,2,1,0,2,0,2,1,1,2,4
东方日升,0,5,0,0,0,2,0,0,6,0,7,7
智飞生物,3,1,0,1,0,0,0,0,0,0,0,0
东富龙,2,3,7,0,0,6,3,6,5,0,3,11
银禧科技,2,1,0,0,0,0,0,0,0,0,0,0
上海新阳,5,2,0,5,5,7,2,4,3,1,2,6
卫宁健康,9,1,3,5,3,7,1,6,3,3,1,5
新莱应材,0,0,0,0,0,0,0,0,0,0,0,0
中颖电子,11,1,3,1,3,5,0,3,1,1,0,2
海伦钢琴,0,0,0,0,2,5,2,4,1,0,1,6
银邦股份,0,0,0,0,0,0,0,1,1,1,4,2
斯莱克,0,0,0,1,0,1,0,0,0,0,0,0
人福医药,14,1,6,8,4,8,3,3,0,3,3,8
中葡股份,0,0,0,0,0,0,0,0,0,0,0,0
特变电工,0,0,4,2,2,4,0,5,3,0,0,5
东睦股份,0,0,0,0,0,0,1,0,5,0,0,1
新湖中宝,2,0,1,1,0,0,0,0,0,1,1,5
国栋建设,0,0,0,0,0,0,0,0,0,0,0,0
成发科技,0,0,0,0,0,2,1,3,2,2,1,2
用友网络,12,1,1,2,6,3,2,6,13,7,2,12
益佰制药,1,1,6,1,2,3,4,3,9,0,2,4
外高桥,0,0,0,0,0,1,0,2,0,1,0,1
东阳光科,0,0,0,0,0,0,0,1,0,0,0,0
中电广通,0,0,0,0,0,0,0,0,0,0,0,0
界龙实业,0,0,0,0,0,0,0,0,0,1,0,0
四川长虹,0,0,1,1,0,1,0,0,0,0,0,1
华东电脑,0,0,0,0,0,1,0,1,0,0,0,4
中航动力,0,0,0,1,2,7,0,9,0,0,1,11
新五丰,0,1,2,0,0,0,0,0,0,0,0,0
开滦股份,1,0,0,0,1,0,0,2,0,0,0,1
玉龙股份,5,1,0,2,0,8,0,0,6,3,3,4
禾丰牧业,4,0,0,1,0,1,0,3,0,0,1,5
神州长城,3,1,10,8,1,5,0,1,3,1,0,0
深桑达A,0,0,0,0,0,1,0,0,0,0,0,0
常山股份,0,1,0,0,1,0,2,1,0,0,1,0
东方市场,0,0,0,0,0,0,0,0,0,0,0,0
胜利股份,2,4,0,2,2,0,0,0,1,0,0,0
吉林化纤,0,0,0,0,0,0,0,0,0,0,0,0
国际医学,1,0,1,0,0,2,0,1,1,2,0,7
红太阳,0,0,0,0,0,0,0,1,1,0,0,0
万家乐,0,0,0,1,0,0,0,0,0,0,0,0
靖远煤电,2,0,0,0,1,0,0,1,0,0,0,1
中山公用,1,0,1,1,0,0,0,1,0,2,1,1
沈阳化工,0,0,1,0,0,0,0,0,0,0,0,0
中航飞机,3,0,0,0,2,4,1,5,2,2,2,2
盐湖股份,0,2,1,0,0,1,0,2,0,0,0,2
烟台冰轮,3,1,0,0,0,1,0,2,0,0,0,0
石化机械,0,0,0,0,0,0,0,0,0,0,0,1
赣能股份,0,0,0,0,0,1,0,0,0,1,0,0
景峰医药,4,0,2,0,0,2,1,1,0,0,0,0
盈峰环境,2,3,1,2,0,0,0,0,0,0,0,0
中科三环,5,0,1,0,0,3,1,4,5,4,1,3
广州友谊,2,0,0,0,5,1,0,2,0,1,3,2
中航机电,0,0,3,2,2,5,0,5,8,1,0,2
海特高新,6,0,1,0,0,5,1,4,3,1,1,3
华孚色纺,11,2,1,6,3,7,0,8,5,0,2,2
景兴纸业,0,0,0,0,0,1,0,0,0,0,0,0
软控股份,2,0,1,1,2,1,1,1,2,1,1,1
万丰奥威,4,4,2,5,1,3,2,7,5,1,0,1
新海股份,0,0,0,0,0,0,0,0,0,0,0,0
东南网架,0,0,0,0,0,1,0,1,0,0,0,0
恒邦股份,0,0,0,0,0,0,0,0,1,0,0,0
奇正藏药,0,0,0,1,1,0,0,4,0,0,0,5
罗莱生活,5,2,0,1,1,7,3,7,2,1,8,21
罗普斯金,0,0,0,0,0,0,0,1,0,0,1,2
双箭股份,4,0,2,0,2,2,0,1,4,0,1,3
星网锐捷,0,0,0,1,1,1,0,4,1,2,1,7
远东传动,1,4,0,1,0,0,0,0,0,1,0,2
巨星科技,5,2,2,3,6,0,2,3,0,1,1,8
富春环保,4,1,0,1,0,3,0,1,2,0,1,0
嘉麟杰,0,0,0,0,0,0,0,1,0,0,0,1
新都化工,5,2,1,0,2,5,10,5,10,4,3,7
鸿路钢构,6,2,0,0,0,3,1,1,0,1,1,0
贝因美,1,1,1,0,4,1,2,3,2,1,2,5
棒杰股份,3,0,5,0,0,0,0,0,0,0,0,1
海思科,6,1,0,0,1,0,3,5,1,6,2,5
普邦园林,1,0,0,0,0,0,0,2,0,0,0,0
顾地科技,0,0,0,0,0,0,0,0,0,0,0,0
登云股份,0,0,0,0,0,0,0,0,0,0,0,0
跃岭股份,0,0,0,0,0,0,0,0,0,0,0,0
神州泰岳,0,2,1,0,0,0,0,1,0,0,0,2
南风股份,1,0,2,4,3,4,0,0,0,2,1,1
中元华电,3,0,0,0,2,1,1,0,1,0,0,6
上海凯宝,1,0,0,1,0,1,0,4,0,1,7,2
双林股份,3,3,12,3,4,2,0,2,0,0,0,1
易世达,0,0,0,0,0,0,0,0,0,0,1,0
新研股份,0,1,0,1,0,3,2,3,2,1,4,5
华峰超纤,0,1,1,1,0,4,0,0,0,0,2,3
东软载波,0,1,0,0,0,4,1,1,3,2,0,6
永清环保,4,2,3,1,2,5,5,1,0,0,0,0
拓尔思,1,0,1,3,2,0,0,1,0,1,0,0
光线传媒,2,2,9,0,0,10,0,15,1,2,2,9
安科瑞,2,0,2,0,0,0,0,0,0,0,1,0
三六五网,0,2,1,1,1,2,0,1,1,3,2,2
博晖创新,0,0,0,0,0,1,0,1,0,1,0,0
鼎捷软件,3,1,0,2,0,4,1,4,4,1,2,1
东方通,0,0,0,0,0,3,1,2,3,0,0,7
黄山旅游,2,5,6,2,2,5,0,11,4,6,0,15
皖维高新,0,0,0,0,0,0,0,0,0,0,0,0
天成控股,0,0,0,1,0,0,0,0,1,0,0,1
波导股份,0,0,0,0,0,0,0,0,0,0,0,0
太原重工,0,0,0,0,0,0,0,0,0,0,1,0
锦州港,0,0,0,0,0,0,0,0,0,0,0,0
城市传媒,0,0,0,0,0,0,0,0,0,0,0,0
华夏幸福,14,0,10,17,5,10,1,13,9,0,10,10
国旅联合,4,9,0,2,7,7,2,2,1,0,0,5
中航电子,3,0,0,0,1,2,0,3,2,0,0,0
金山股份,0,0,0,0,0,0,0,0,0,1,0,0
海澜之家,0,3,0,0,2,15,3,14,9,0,1,8
抚顺特钢,4,0,1,0,2,2,0,4,4,1,1,3
三友化工,8,3,1,0,0,0,0,4,0,2,0,2
天润乳业,2,0,0,0,0,0,0,0,0,0,0,0
新赛股份,0,0,0,0,0,0,0,0,0,0,0,0
凯盛科技,2,0,0,1,0,3,0,0,1,0,2,3
恒生电子,9,1,2,0,1,5,2,5,9,17,4,15
曲江文旅,1,0,1,0,1,0,0,2,0,0,1,0
光明地产,0,0,0,0,0,0,0,0,0,0,0,0
南京医药,0,0,0,0,0,2,0,3,1,2,1,6
鲁北化工,0,0,1,0,0,0,0,0,0,0,0,0
S前锋,0,0,0,0,0,0,0,0,0,0,0,0
红阳能源,0,0,0,0,0,0,0,0,0,0,0,0
南通科技,0,0,0,0,0,0,0,0,0,0,0,0
百大集团,2,1,0,2,3,4,0,0,0,0,0,0
洛阳玻璃,0,1,0,0,0,1,0,0,0,1,1,0
广日股份,0,0,0,0,0,3,2,3,1,1,1,3
雷鸣科化,0,0,0,0,0,0,0,0,0,0,0,0
隆基股份,34,13,14,10,7,7,4,3,1,0,0,6
庞大集团,0,0,0,0,0,0,0,0,0,1,0,6
中国中铁,4,2,1,0,2,3,3,3,0,0,1,6
宏昌电子,0,0,0,1,0,0,0,0,0,0,0,0
特力A,0,0,0,0,0,0,0,0,0,0,0,0
泛海控股,0,1,1,2,1,2,0,3,0,1,0,1
方大集团,2,0,0,0,0,0,0,0,0,0,0,0
中金岭南,3,2,0,0,0,2,0,2,4,0,0,5
西安旅游,1,1,0,0,0,0,0,2,0,1,0,1
恒逸石化,1,2,2,1,9,0,0,5,1,0,1,2
云铝股份,1,0,0,0,0,0,1,0,0,0,0,0
大族激光,4,3,8,2,1,6,1,4,1,5,0,5
云南旅游,0,0,1,7,0,3,0,3,0,0,1,6
浔兴股份,1,1,0,0,0,2,0,1,0,1,0,2
合肥城建,2,0,0,1,0,0,0,0,0,0,2,4
利尔化学,0,0,0,0,0,0,1,0,2,0,0,1
友阿股份,0,0,0,1,0,4,2,3,0,0,0,7
众生药业,2,3,0,0,0,2,0,5,1,1,0,7
梦洁家纺,4,5,3,0,0,2,0,3,1,0,1,13
天桥起重,1,0,0,0,1,0,1,0,0,0,0,0
西泵股份,1,0,0,0,0,0,0,0,0,0,0,1
亚威股份,3,1,1,0,0,0,0,1,0,0,0,2
成都路桥,0,0,0,0,0,0,0,1,0,0,0,0
龙洲股份,0,0,0,0,0,0,0,0,0,0,0,0
启源装备,0,0,0,0,0,0,0,0,0,3,1,3
中海达,1,0,0,2,0,0,0,1,0,0,0,3
天玑科技,1,1,0,3,0,2,0,0,2,0,0,3
任子行,0,0,1,0,0,0,0,0,0,0,0,0
康跃科技,0,0,0,0,0,0,0,1,0,0,1,0
四川路桥,0,0,0,0,0,0,0,0,0,0,0,0
金发科技,0,0,0,0,0,5,0,6,0,5,3,11
江苏阳光,0,0,0,0,0,0,0,0,0,0,0,0
桂冠电力,3,0,3,0,0,2,2,1,2,0,0,0
华业资本,0,1,1,1,3,2,3,4,3,2,2,3
美克家居,0,0,2,0,0,4,2,9,3,3,0,9
片仔癀,0,1,1,0,1,4,1,6,0,0,0,8
华光股份,0,0,0,0,0,0,0,2,0,0,0,1
湘邮科技,1,0,0,0,0,0,0,0,0,0,0,0
烽火通信,6,2,1,2,0,3,0,6,4,0,1,7
置信电气,0,2,2,2,5,3,0,1,0,3,1,2
山东黄金,2,0,0,0,0,1,0,4,0,0,1,3
安阳钢铁,0,0,0,0,0,0,0,0,0,0,0,0
哈药股份,0,0,0,0,0,0,0,0,0,0,0,0
京投银泰,1,0,0,2,1,3,1,1,1,0,0,0
绿庭投资,0,0,0,0,0,0,0,0,0,0,0,0
中国高科,1,3,0,1,2,1,0,0,2,0,0,0
丹化科技,0,0,0,0,0,0,0,3,0,0,1,1
宝泰隆,2,0,1,0,0,2,0,2,2,0,4,3
中国电建,0,2,0,0,2,0,0,2,0,1,1,4
江河集团,13,1,0,3,1,5,0,5,8,1,1,5
京运通,5,0,3,0,0,3,0,2,1,0,0,2
永辉超市,3,3,1,1,4,10,1,11,17,6,6,17
国农科技,0,0,0,0,0,0,0,0,0,0,0,0
飞亚达A,8,0,0,1,2,3,0,3,0,2,1,4
华联控股,1,5,2,2,0,0,0,2,2,0,0,1
华侨城A,0,0,0,0,0,2,0,6,0,0,0,3
海王生物,0,0,0,0,0,1,0,2,1,3,0,4
天健集团,7,0,0,1,0,3,0,4,3,3,0,4
徐工机械,2,0,1,0,0,0,0,0,2,0,0,0
天夏智慧,1,0,0,1,0,0,0,0,0,0,0,0
振华科技,0,0,1,0,1,2,0,2,0,2,1,0
东方能源,1,0,0,1,0,2,0,2,1,2,1,2
银泰资源,1,1,0,0,1,0,0,2,0,1,1,1
横店东磁,3,0,1,0,1,0,0,2,1,1,1,2
天宝股份,0,0,0,0,0,0,0,0,0,0,0,0
普利特,5,0,1,0,1,3,1,2,2,1,0,3
北京科锐,0,0,0,0,0,1,1,3,0,1,1,2
兴民钢圈,1,1,2,1,2,0,0,1,0,0,0,0
利源精制,6,0,0,0,0,0,0,2,2,2,0,3
金禾实业,0,2,3,0,1,1,1,0,1,3,0,0
双成药业,0,0,1,0,0,0,0,1,0,0,0,0
赛为智能,0,0,0,0,0,0,0,0,0,0,1,0
金通灵,2,1,2,1,1,1,0,1,0,0,0,0
泰胜风能,1,1,0,0,0,0,0,0,0,0,0,1
秀强股份,10,2,4,7,3,2,1,1,0,0,1,0
迪威视讯,0,1,0,0,1,3,0,0,0,5,2,1
瑞丰高材,2,0,1,0,0,2,0,3,1,2,8,2
通光线缆,0,0,0,0,0,0,0,0,0,0,0,1
同有科技,0,1,3,1,3,7,0,4,4,0,0,2
易事特,1,9,7,1,3,2,0,3,0,0,2,2
中来股份,1,2,0,1,1,0,0,0,0,0,0,1
花园生物,2,0,3,1,0,1,0,1,0,0,0,0
天坛生物,3,2,1,0,0,0,0,0,0,0,0,0
全柴动力,0,0,0,0,0,0,0,0,0,0,0,0
时代万恒,0,0,0,0,0,0,0,0,0,0,0,0
华鲁恒升,5,0,0,0,0,4,0,6,2,4,0,7
驰宏锌锗,2,0,0,0,0,0,1,1,0,1,0,2
物产中大,0,0,0,0,0,0,0,0,0,0,0,0
华远地产,0,0,0,0,0,0,0,1,0,0,0,1
华银电力,0,0,0,0,0,0,0,0,0,0,0,0
重庆水务,0,0,0,0,1,0,0,3,1,2,1,0
吉视传媒,1,0,0,0,0,0,2,1,0,1,0,0
中国重工,0,0,0,0,0,1,0,2,0,2,1,2
奥康国际,0,0,2,1,4,9,1,7,7,10,2,4
高能环境,0,5,1,0,1,3,0,4,4,5,0,4
天兴仪表,0,0,0,0,0,0,0,0,0,0,0,0
四川双马,0,0,0,0,0,0,0,0,0,0,0,0
华邦健康,0,0,1,7,2,1,1,6,2,2,0,4
科华生物,1,1,0,1,3,6,5,3,2,5,3,4
苏宁云商,7,3,1,1,5,1,2,12,10,0,10,16
安纳达,0,0,0,0,0,0,0,0,0,0,0,0
汉钟精机,2,0,0,0,0,2,0,2,2,0,0,0
东方锆业,0,0,0,0,0,0,0,0,0,1,0,1
格林美,1,0,1,0,4,4,1,1,4,0,0,3
云南锗业,1,2,0,0,0,1,0,3,0,1,0,2
佳隆股份,0,0,0,0,0,0,0,0,0,0,0,0
辉丰股份,0,0,1,0,1,1,0,2,0,0,1,4
天顺风能,0,2,3,1,8,2,1,8,0,2,2,7
八菱科技,0,0,0,1,0,0,0,0,1,0,0,0
安洁科技,0,0,0,1,0,5,0,2,0,0,0,0
远大智能,0,0,1,1,1,1,0,5,2,0,1,2
东易日盛,0,2,1,1,5,1,0,3,0,2,1,6
新国都,3,0,0,1,1,1,0,2,1,2,0,2
佳士科技,0,1,0,0,0,0,0,0,3,0,0,0
光韵达,0,1,0,0,0,0,0,1,0,1,1,1
万福生科,0,0,0,0,0,0,0,0,0,0,0,0
戴维医疗,0,0,0,0,0,0,1,1,1,1,0,2
麦迪电气,0,0,0,0,0,0,0,0,0,1,1,0
杭钢股份,0,0,1,0,0,2,0,2,1,1,0,4
万华化学,5,0,1,0,7,8,0,0,8,0,0,9
江西铜业,3,0,0,1,0,2,0,1,0,0,0,2
小商品城,2,0,0,6,4,3,2,1,1,3,2,7
六国化工,0,0,0,0,0,2,0,1,0,1,0,0
海立股份,0,0,0,0,0,0,0,0,0,0,0,0
双钱股份,0,0,0,0,0,0,0,0,0,0,0,0
华建集团,0,0,0,0,0,0,0,1,0,0,0,2
中路股份,0,0,1,1,1,0,1,0,0,0,2,0
秋林集团,0,0,0,0,0,0,0,0,0,0,0,0
汇鸿集团,0,0,0,0,0,0,0,0,0,0,0,0
桐昆股份,0,1,0,1,0,3,1,3,5,3,6,22
皖新传媒,2,1,0,7,4,10,2,5,0,0,3,3
明星电缆,0,0,0,0,0,0,0,0,0,0,0,0
中原环保,0,0,0,0,0,1,1,1,0,1,0,0
航天发展,0,1,0,0,1,0,0,0,2,0,0,2
福星股份,0,1,3,5,3,3,0,4,3,1,0,3
华帝股份,0,3,1,0,2,5,2,4,0,0,0,6
得润电子,7,5,2,2,10,1,0,3,10,2,3,6
鲁阳节能,0,1,0,0,0,0,2,1,0,0,0,0
丽鹏股份,0,0,1,0,0,0,0,0,1,0,0,2
齐翔腾达,4,0,0,0,0,1,0,4,1,3,2,1
松芝股份,1,3,0,4,1,5,0,2,0,2,0,3
双环传动,1,1,1,2,3,3,0,3,0,0,2,1
涪陵榨菜,2,1,1,0,0,1,0,0,2,0,0,3
惠博普,0,4,1,1,6,1,0,2,0,0,0,2
西陇科学,6,0,1,2,1,2,0,5,5,1,2,1
天赐材料,3,2,4,6,3,5,2,10,1,1,0,2
雄韬股份,1,2,1,0,0,3,0,3,0,3,1,0
莱美药业,0,2,0,0,0,2,0,4,2,1,0,5
西部牧业,1,1,1,1,0,1,2,0,0,0,0,0
华策影视,14,0,4,0,4,11,2,14,11,1,3,0
神雾环保,7,2,2,1,0,3,2,0,0,1,2,1
金力泰,0,0,0,0,0,0,0,1,0,0,0,0
蓝英装备,0,0,0,0,0,0,0,1,0,0,0,0
津膜科技,0,2,1,3,1,3,0,3,0,0,0,0
光一科技,1,1,0,1,0,0,0,0,1,0,1,3
卧龙地产,0,0,0,0,0,0,0,0,1,0,0,0
海南航空,3,0,0,0,1,0,0,0,0,0,0,1
南钢股份,1,1,8,1,1,1,0,3,0,0,0,0
桂东电力,0,0,1,1,0,0,0,2,3,2,1,0
农发种业,0,0,4,1,0,3,1,4,5,2,0,6
红豆股份,0,1,1,0,1,0,0,1,0,0,0,0
凤竹纺织,0,0,0,0,0,0,0,0,0,0,0,0
天地科技,1,0,1,0,2,1,0,1,2,2,0,4
金龙汽车,2,0,3,0,2,9,1,9,2,0,4,5
欧亚集团,0,0,0,1,0,9,1,8,2,0,1,18
王府井,7,0,5,0,0,6,2,7,1,1,1,7
广电电气,0,0,0,0,0,0,0,0,0,0,0,0
华懋科技,0,0,1,0,0,2,0,2,0,1,0,0
中洲控股,6,2,0,0,3,1,1,0,0,0,0,2
南京中北,1,0,0,0,0,0,0,1,2,0,0,0
渝开发,1,0,0,1,0,0,0,0,0,0,0,0
荣安地产,0,0,0,0,0,0,0,0,0,0,0,0
佛山照明,0,0,1,0,0,0,0,0,0,0,0,0
湖北金环,0,0,0,0,0,2,0,0,0,0,0,0
北京文化,3,5,4,0,2,3,4,5,8,4,4,3
新和成,5,1,0,0,0,0,0,0,0,0,0,0
世荣兆业,2,0,1,0,1,0,0,0,0,0,0,2
东港股份,11,5,11,17,1,8,0,19,3,6,3,5
证通电子,0,0,0,0,0,0,0,0,0,0,1,1
滨江集团,2,1,2,1,0,5,2,5,0,6,1,7
联络互动,4,8,2,5,8,1,1,1,7,0,0,1
太安堂,1,0,0,0,3,2,1,2,0,1,0,2
旷达科技,5,6,1,1,3,3,6,5,3,5,0,9
日上集团,2,1,0,2,4,0,0,0,2,0,0,4
比亚迪,12,4,10,4,2,12,6,8,1,8,2,6
大连电瓷,0,0,0,0,0,3,0,1,1,1,0,0
光洋股份,0,0,0,0,0,0,0,0,0,1,0,0
王子新材,0,0,0,0,0,0,0,0,0,1,0,0
欧比特,0,1,0,1,0,0,0,1,0,0,0,4
香雪制药,6,1,3,0,2,3,0,3,1,4,2,2
汉得信息,0,1,2,0,0,4,0,5,1,0,0,5
聚龙股份,3,1,0,2,1,1,0,2,0,0,0,2
欣旺达,9,12,8,1,0,12,2,7,3,0,1,3
正海磁材,0,2,1,0,0,7,0,7,2,0,2,11
宜安科技,3,0,0,0,1,0,0,2,0,1,1,0
红宇新材,0,0,2,1,0,2,1,3,0,1,0,8
全通教育,2,1,0,0,0,1,2,4,1,0,0,4
同方股份,0,0,0,0,1,0,0,0,0,0,1,0
郑州煤电,0,0,0,0,1,0,0,0,0,0,0,2
中国巨石,12,0,1,1,1,7,1,11,2,1,7,8
生物股份,3,3,3,2,4,10,5,9,2,6,0,10
大东方,0,0,0,0,0,1,0,2,0,4,0,7
天通股份,0,0,1,0,0,1,0,1,1,1,0,2
澳柯玛,0,0,0,0,0,0,0,0,0,0,0,0
旭光股份,0,0,0,0,0,0,0,0,0,0,0,0
江淮汽车,5,8,5,4,17,18,9,11,12,3,3,5
山鹰纸业,0,0,0,0,0,0,0,0,0,0,0,0
东方明珠,0,0,4,5,2,0,1,5,4,4,2,2
信达地产,2,0,0,0,0,0,0,5,0,1,0,0
文峰股份,0,0,0,0,1,0,0,1,0,0,0,1
君正集团,0,0,0,0,0,0,0,0,0,0,0,0
际华集团,1,0,0,0,0,0,0,1,0,0,1,0
喜临门,7,0,4,0,1,10,0,11,1,1,0,16
兰石重装,0,0,0,0,0,0,0,0,0,0,0,0
九洲药业,0,3,3,2,2,3,0,0,5,1,1,3
沈阳机床,0,0,0,0,0,0,0,0,0,0,1,1
大冷股份,6,3,0,5,0,5,0,6,6,6,5,4
平潭发展,0,0,0,0,1,0,0,1,0,2,1,0
海航投资,1,0,0,0,2,0,0,0,0,1,0,0
中国武夷,0,0,0,0,0,0,0,2,0,1,0,1
天奇股份,1,3,2,0,1,8,2,1,2,0,0,4
太阳纸业,2,4,0,0,0,2,0,2,0,0,0,1
粤传媒,0,0,0,0,0,0,0,0,0,0,0,1
科远股份,10,4,3,9,4,5,0,9,3,1,4,2
未名医药,0,0,0,0,0,0,0,0,0,0,0,0
良信电器,1,0,0,0,0,0,0,0,0,0,0,0
金莱特,0,0,0,0,0,0,0,0,0,0,0,0
华力创通,4,2,0,0,0,5,1,4,0,2,0,2
奥克股份,0,0,0,0,0,0,0,0,0,1,2,1
康芝药业,0,0,0,2,0,0,0,1,0,5,3,2
鸿利光电,4,0,0,0,0,4,0,6,8,3,4,6
迪安诊断,9,3,5,0,1,8,0,8,1,0,2,9
东湖高新,0,0,0,0,0,0,0,0,0,0,0,0
巨化股份,2,3,7,4,1,3,1,1,0,0,0,0
空港股份,0,0,0,1,2,1,0,1,0,1,0,0
湖南海利,0,0,0,1,0,0,0,0,0,0,0,0
北辰实业,4,0,1,3,0,3,0,4,0,1,1,3
潞安环能,1,1,0,1,0,0,0,0,0,0,0,0
东旭光电,1,5,0,0,1,2,0,1,0,1,0,1
三花股份,1,3,0,1,3,0,0,1,0,0,0,3
国轩高科,28,18,5,1,6,8,0,9,4,0,0,5
鱼跃医疗,0,1,0,0,2,8,1,8,4,4,9,13
歌尔声学,9,2,5,1,1,2,2,4,0,1,0,4
天润曲轴,0,2,3,0,0,0,0,0,0,0,0,1
久立特材,6,3,0,2,2,4,2,6,3,0,1,2
积成电子,0,0,1,0,1,1,0,3,1,7,3,4
巨力索具,0,0,1,0,0,0,0,0,0,0,0,0
摩恩电气,0,0,0,0,0,0,0,0,0,0,0,0
克明面业,9,4,5,0,7,5,0,7,4,5,0,1
宝德股份,0,0,0,1,1,0,0,2,0,1,1,3
万邦达,0,1,0,2,0,1,0,5,0,0,2,4
先河环保,0,4,0,0,1,6,4,4,2,2,0,2
东宝生物,0,1,0,0,0,0,0,0,0,0,0,0
海联讯,0,0,0,0,0,0,0,0,0,0,0,0
京天利,0,0,0,0,0,0,0,0,0,0,0,2
复星医药,3,1,0,3,1,3,1,4,2,1,2,5
动力源,0,0,0,0,0,0,0,0,0,1,0,0
康美药业,5,0,3,2,3,6,3,5,0,6,9,10
天华院,0,1,2,0,1,0,0,1,0,0,0,0
汇通能源,0,0,0,0,0,0,0,0,0,0,0,0
电子城,0,1,0,0,0,0,0,0,0,0,0,0
祥龙电业,0,0,0,0,0,0,0,0,0,0,0,0
九牧王,0,1,2,0,1,4,2,6,3,4,6,5
中科曙光,8,2,3,0,5,1,1,0,1,1,1,0
昆百大A,0,0,0,0,0,0,0,0,0,0,0,0
美锦能源,0,0,0,0,0,0,0,0,0,0,0,0
河池化工,0,0,0,0,0,0,0,0,0,0,0,0
欣龙控股,0,0,0,0,0,0,0,0,0,0,0,0
桂林旅游,12,1,3,0,2,3,1,7,3,3,2,9
七匹狼,0,1,0,0,0,8,0,4,1,0,1,13
宏润建设,1,0,0,0,0,3,0,3,4,0,0,1
天邦股份,4,3,1,1,0,4,0,4,0,1,2,8
三全食品,1,3,4,1,3,5,1,7,8,2,6,6
濮耐股份,0,0,0,0,0,0,0,0,0,0,0,3
鸿博股份,5,1,1,1,0,1,0,0,0,0,0,0
新宁物流,0,1,1,0,0,1,2,0,0,1,0,1
数字政通,2,0,0,0,2,7,4,15,1,3,6,9
信维通信,0,2,6,1,1,4,3,1,4,3,2,7
天瑞仪器,0,0,0,0,1,1,0,2,1,1,1,3
温州宏丰,0,0,0,0,0,0,0,0,0,0,0,0
道氏技术,2,0,0,0,0,3,1,1,0,1,2,4
永鼎股份,1,0,2,1,2,8,4,5,2,4,1,0
东方航空,7,1,0,1,0,6,0,5,5,3,2,10
天津松江,0,0,0,0,0,0,0,0,0,0,1,0
广汇能源,0,0,0,0,0,1,0,1,2,2,1,5
大湖股份,1,0,1,1,0,0,0,0,0,1,0,0
嘉化能源,5,0,1,1,1,1,0,0,0,0,0,0
华仪电气,1,0,2,6,4,2,2,3,1,0,1,0
腾达建设,0,0,0,0,0,0,0,0,0,0,0,0
华海药业,0,4,3,0,0,10,0,7,2,6,2,16
亿晶光电,2,0,0,0,0,2,0,2,0,0,0,1
东百集团,4,1,4,0,1,0,0,1,0,0,0,2
兰州民百,0,0,0,0,0,0,0,0,0,0,1,0
园城黄金,0,0,0,0,0,0,0,0,0,0,0,0
广电网络,4,3,0,0,0,1,1,0,0,1,0,0
杉杉股份,1,1,1,0,3,5,0,5,2,0,2,5
赛轮金宇,3,0,3,0,5,4,0,3,0,1,1,7
大智慧,0,0,1,0,1,0,1,0,0,0,0,2
星宇股份,8,1,1,3,7,3,1,3,1,1,0,1
北特科技,0,0,0,0,0,0,0,0,0,0,0,0
应流股份,2,0,5,17,1,7,3,5,6,7,3,11
柳州医药,3,0,1,2,0,1,0,0,4,0,4,2
贵人鸟,1,1,1,1,11,2,0,8,5,1,8,12
隆鑫通用,4,3,8,3,2,6,2,3,8,4,1,6
金圆股份,0,0,0,0,0,0,1,0,0,0,0,0
经纬纺机,5,1,2,4,2,3,2,5,0,0,1,0
视觉中国,0,3,3,2,1,2,2,3,4,2,7,5
普洛药业,0,0,0,0,0,0,0,1,0,0,0,3
顺鑫农业,17,3,15,2,0,0,0,0,0,0,0,8
中环股份,0,0,0,0,1,2,1,1,0,0,1,3
诺普信,0,0,0,2,4,6,0,6,4,0,4,12
泰和新材,1,0,0,0,0,1,0,3,0,0,0,3
隆基机械,0,0,2,0,0,2,0,3,0,3,0,2
杭氧股份,0,0,0,0,0,0,0,0,0,0,0,0
二六三,4,1,1,6,2,0,4,4,0,1,1,4
山东矿机,0,0,0,0,0,0,0,0,0,0,0,0
中京电子,0,0,0,0,0,0,0,0,0,0,0,0
以岭药业,2,0,0,0,0,1,1,1,1,0,1,9
荣之联,2,0,0,0,4,1,0,1,1,1,1,5
乾照光电,0,0,0,0,0,0,0,0,0,0,0,0
经纬电材,1,0,0,0,0,0,0,1,0,0,0,0
东方电热,0,0,0,0,0,0,0,0,0,0,1,2
阳光电源,7,14,5,0,5,10,2,0,16,4,3,19
海达股份,1,0,2,0,0,2,0,1,0,2,1,6
欣泰电气,0,0,0,0,0,0,0,0,0,0,0,0
哈高科,1,0,0,0,0,0,0,0,0,0,0,0
瑞茂通,0,1,0,3,2,2,2,3,3,0,3,2
健康元,0,0,0,0,0,0,0,0,0,0,0,0
保税科技,1,0,0,0,0,2,0,1,0,0,0,0
鹏博士,2,1,1,0,1,7,1,9,1,2,1,12
南玻A,2,0,0,0,1,3,2,3,1,1,0,6
华塑控股,0,0,0,0,0,0,0,0,0,0,0,0
宝新能源,2,0,0,0,0,2,0,0,2,4,0,1
西安饮食,2,1,0,0,0,1,0,2,1,0,2,9
泰禾集团,6,3,2,0,0,2,0,4,3,0,6,7
启迪桑德,0,0,0,1,5,0,7,4,1,4,1,12
中南建设,0,1,3,2,0,4,0,6,3,4,5,14
东华科技,2,0,0,1,3,0,0,0,0,0,0,1
特尔佳,0,0,0,1,0,0,0,0,0,0,0,0
亚太股份,14,7,22,5,2,2,1,0,6,7,9,0
爱仕达,1,1,0,0,3,0,0,3,0,0,0,7
欧菲光,5,1,4,3,2,3,0,6,4,9,6,2
赣锋锂业,7,8,2,2,1,8,0,5,6,1,0,13
天沃科技,0,0,0,0,0,0,0,0,0,0,0,0
探路者,1,1,7,4,0,13,2,15,2,10,2,14
安科生物,7,3,2,9,6,6,2,5,4,8,1,3
纳川股份,1,6,5,1,0,3,4,7,2,0,6,1
易华录,0,0,2,3,3,8,0,9,7,2,6,5
聚飞光电,0,0,0,0,0,0,0,1,0,0,0,2
昌九生化,0,0,0,0,0,0,0,0,0,0,0,0
菲达环保,0,0,0,0,0,0,0,0,0,0,0,0
东软集团,9,2,4,12,0,0,0,0,0,0,0,0
华域汽车,7,0,0,6,2,6,1,6,0,0,2,6
长城汽车,8,0,7,3,4,16,5,5,16,4,6,20
大通燃气,1,0,0,1,0,0,0,0,0,1,3,0
数源科技,2,0,0,0,0,0,0,0,0,0,0,0
步步高,0,2,0,2,7,2,2,9,6,16,3,10
久其软件,1,3,0,0,0,0,0,1,3,1,1,4
金正大,12,7,5,2,0,11,0,1,15,2,3,12
立讯精密,1,3,0,2,2,6,3,6,0,0,1,8
东方财富,5,1,5,0,6,7,1,6,7,3,3,11
星星科技,0,0,0,0,0,2,1,0,0,0,0,0
新天科技,1,0,0,2,0,1,1,1,0,1,1,2
和佳股份,0,0,0,1,0,4,3,8,2,1,6,18
长方集团,0,0,0,0,1,0,0,0,0,0,0,0
德威新材,1,0,2,7,0,0,1,0,0,0,0,4
美都能源,0,0,0,2,1,0,0,0,4,1,1,2
中恒集团,0,0,0,0,0,0,0,0,0,0,1,2
豫园商城,3,1,1,0,6,0,1,1,1,0,2,8
三安光电,5,1,2,7,2,11,0,15,9,13,1,14
百联股份,0,0,0,0,0,0,0,1,0,1,0,1
广安爱众,0,0,0,0,2,0,2,3,0,1,0,1
和邦生物,0,1,0,0,0,0,0,0,3,1,2,7
广济药业,2,1,4,3,0,0,0,0,0,0,0,0
延华智能,2,0,0,0,0,2,0,4,0,0,2,4
海利得,2,1,2,1,3,9,1,9,2,5,1,7
多氟多,8,5,1,3,4,4,5,3,1,0,5,2
恒大高新,0,0,0,0,0,0,0,0,0,1,0,0
山东章鼓,0,0,0,0,0,0,0,0,0,1,0,1
跨境通,1,5,0,2,1,3,0,3,2,0,0,1
金轮股份,0,0,0,0,0,0,0,0,0,0,0,0
新宙邦,7,0,0,0,1,3,0,2,1,0,1,2
华鹏飞,0,1,0,0,0,1,1,0,0,1,0,0
安控科技,2,0,0,1,2,2,0,1,2,2,1,4
格力地产,1,0,2,0,1,0,0,2,0,2,0,4
瀚蓝环境,3,1,1,1,7,5,2,3,0,0,2,4
首开股份,1,0,2,0,0,6,0,5,0,1,0,9
美菱电器,3,0,0,1,1,1,0,4,0,1,0,3
太阳能,0,0,0,0,0,0,0,0,0,0,0,0
东北制药,1,0,0,0,0,0,0,0,0,0,0,0
金科股份,3,0,1,0,0,1,0,4,0,0,0,3
滨海能源,0,0,0,0,0,0,0,0,0,0,0,0
锡业股份,0,0,0,0,0,0,0,0,0,0,0,1
沃华医药,0,0,0,0,0,0,0,0,1,0,0,0
澳洋顺昌,0,2,1,0,0,1,0,2,0,0,1,0
南国置业,0,0,0,1,0,3,0,7,1,3,3,1
誉衡药业,0,0,0,0,1,1,0,2,0,3,0,9
启明星辰,11,3,0,2,3,6,3,5,2,3,1,5
海源机械,1,0,0,2,0,0,0,0,1,0,2,2
卫星石化,0,0,1,0,0,0,0,0,6,0,0,1
硅宝科技,4,0,1,0,2,2,0,1,0,0,0,2
当升科技,11,0,2,1,2,4,1,2,2,1,1,3
数码视讯,0,0,0,0,1,0,0,1,1,0,1,1
华润万东,5,2,1,0,1,5,0,4,2,3,1,2
永泰能源,1,0,0,0,2,1,0,0,4,0,0,6
雅戈尔,0,0,0,0,1,2,0,4,1,0,2,7
市北高新,2,0,0,0,0,2,0,2,0,0,0,1
新南洋,2,0,0,0,2,1,0,0,0,0,0,4
龙宇燃油,0,0,0,0,0,0,0,0,0,0,0,0
深科技,0,0,0,0,0,0,0,0,0,1,0,0
山东地矿,1,0,0,0,0,0,0,0,0,0,0,0
青岛双星,0,0,0,0,1,1,0,1,0,0,0,3
建投能源,5,0,0,0,0,0,0,0,0,0,0,1
渤海股份,1,0,0,2,0,0,0,0,0,3,2,0
天茂集团,4,0,2,0,0,0,0,0,0,0,0,0
厦门信达,1,0,1,0,0,2,1,0,0,1,0,0
金宇车城,0,0,0,0,0,0,0,0,0,0,0,0
南天信息,0,0,0,0,0,0,0,0,0,0,0,1
印纪传媒,2,0,0,1,0,0,0,0,0,0,0,1
澳洋科技,4,2,2,1,5,4,2,2,1,0,1,2
理工环科,7,3,3,1,3,2,1,1,0,1,0,3
台海核电,1,0,0,0,1,1,1,0,0,1,2,1
建研集团,5,2,0,0,1,5,1,1,6,3,4,7
盛路通信,2,1,3,1,0,3,0,2,0,0,1,7
恺英网络,1,4,4,0,0,0,1,0,0,1,0,0
通达股份,2,0,1,2,4,3,0,0,0,1,0,0
加加食品,0,1,1,0,1,7,2,7,3,2,8,9
东方国信,1,1,5,4,1,9,9,13,5,7,12,4
利德曼,2,1,1,1,0,1,1,2,0,0,0,3
华润双鹤,0,0,0,0,0,0,0,0,2,2,0,0
金健米业,0,0,0,0,0,0,0,0,1,1,0,0
羚锐制药,4,2,3,0,1,2,2,4,1,0,0,1
上海凤凰,0,0,0,0,0,0,0,0,0,0,0,0
盛屯矿业,3,0,0,0,0,2,0,10,3,3,8,3
上实发展,3,1,1,2,1,2,0,1,0,2,0,0
新奥股份,4,0,1,1,1,4,0,4,0,2,0,6
上海临港,0,0,0,0,0,1,0,0,0,0,0,0
莎普爱思,1,0,0,0,0,0,0,0,0,0,0,0
福斯特,4,1,2,0,0,2,0,2,1,0,0,1
特发信息,0,1,0,0,0,1,0,4,0,0,3,1
皖能电力,3,0,0,0,0,1,0,4,3,1,1,0
新华联,0,0,0,1,0,1,0,2,1,3,0,0
华神集团,0,0,0,0,0,0,0,0,0,0,0,0
厦门港务,0,0,0,0,0,0,0,0,0,0,0,0
安泰科技,0,0,0,0,0,1,0,2,1,2,0,3
中恒电气,12,5,2,7,2,8,1,3,3,3,0,6
章源钨业,0,0,0,0,0,0,0,1,2,0,1,1
大金重工,1,0,0,0,1,0,0,0,0,0,0,4
光正集团,0,0,0,0,0,1,0,1,0,0,0,0
新联电子,0,9,5,4,3,4,2,0,0,0,0,1
珠江钢琴,5,2,8,2,1,2,0,2,0,1,4,5
博实股份,0,0,1,1,1,2,0,5,2,1,3,1
亿纬锂能,3,4,6,6,4,3,2,3,0,0,0,1
台基股份,0,0,0,0,0,0,0,0,0,0,0,0
易成新能,0,0,0,0,0,0,0,0,1,0,0,0
新开普,0,1,0,1,0,0,0,3,1,1,1,3
金信诺,2,1,2,0,0,1,0,1,0,0,1,2
汇冠股份,1,2,0,0,0,0,0,0,0,0,0,0
上汽集团,0,1,4,2,13,6,1,10,3,0,2,16
上海建工,1,0,0,0,0,0,0,0,0,0,0,0
豫光金铅,0,1,1,1,0,0,0,1,0,0,1,0
骆驼股份,2,1,2,7,1,9,3,2,9,1,5,12
海翔药业,0,0,2,0,0,0,1,2,0,0,1,1
中电鑫龙,3,0,0,1,1,3,1,0,3,4,0,0
英威腾,5,0,0,1,0,1,0,2,2,1,0,3
三维工程,2,1,1,0,1,3,1,0,4,4,2,2
日发精机,0,1,0,0,3,0,2,1,3,3,2,5
海能达,9,6,0,0,1,5,1,12,2,2,1,3
牧原股份,4,13,5,1,2,15,2,3,17,0,2,14
润和软件,5,3,3,4,3,1,1,2,0,0,0,6
金花股份,2,0,0,0,0,0,0,0,0,0,0,0
浙江东日,0,0,0,0,0,0,0,0,0,0,0,0
安彩高科,0,0,0,0,1,0,0,1,0,0,0,0
福能股份,2,1,1,3,1,3,4,0,5,2,3,0
绿地控股,2,0,3,2,0,6,1,2,0,0,0,2
海欣股份,0,0,0,0,0,0,0,0,0,0,0,0
中国国航,5,3,3,0,1,6,0,6,6,0,1,4
莱茵体育,4,0,4,4,4,5,2,2,8,3,1,1
锌业股份,0,0,0,1,0,0,0,0,0,0,0,0
西藏发展,0,0,0,0,0,0,0,0,0,0,0,0
新大陆,3,1,3,0,1,11,1,5,5,1,5,6
海鸥卫浴,1,1,1,0,1,1,0,2,1,5,2,2
湘潭电化,1,1,2,3,2,0,0,1,0,4,5,1
海宁皮城,1,3,1,3,0,5,0,7,3,0,9,7
亚厦股份,1,5,3,2,5,3,0,8,16,1,5,12
新筑股份,0,0,0,0,0,1,0,0,0,0,0,0
尚荣医疗,2,0,1,0,0,3,0,4,3,1,5,2
东方精工,0,0,0,1,3,0,0,4,2,1,2,3
龙生股份,0,0,0,0,0,0,0,0,0,2,0,0
兴业科技,0,3,1,0,0,3,0,1,2,1,2,1
元力股份,0,0,0,4,1,0,0,0,5,2,1,3
飞力达,0,0,0,0,0,0,0,0,0,0,0,0
华录百纳,9,1,2,5,12,5,1,10,6,10,0,13
云意电气,1,4,0,1,0,0,0,2,0,0,0,0
宝色股份,0,0,0,0,0,0,0,0,0,0,0,0
长春经开,0,0,0,0,0,0,0,0,0,0,0,0
天科股份,1,0,0,0,0,0,0,0,0,0,0,0
海越股份,0,0,0,0,0,0,0,0,0,0,0,0
亨通光电,0,1,6,10,7,2,3,8,3,2,1,3
中国嘉陵,0,0,0,0,0,0,0,0,0,0,0,0
三星医疗,0,1,0,1,0,0,1,0,0,0,0,0
会稽山,1,0,0,1,0,0,0,0,1,1,0,1
中兴通讯,0,3,11,1,14,12,2,11,14,0,2,14
阳光城,4,1,0,2,0,1,1,2,0,0,2,5
西部材料,2,0,0,1,0,2,0,0,0,0,0,0
红宝丽,3,0,2,0,0,0,0,3,1,1,0,0
双象股份,2,2,0,1,1,0,0,0,0,0,0,0
壹桥海参,0,0,0,0,2,0,0,2,0,0,0,4
英飞拓,0,0,0,0,1,0,0,0,0,1,0,0
盛运环保,3,1,0,4,0,1,1,2,2,1,3,3
通裕重工,0,0,0,0,2,1,0,0,0,1,0,0
翰宇药业,1,0,0,1,1,0,0,4,1,5,7,8
苏交科,17,7,2,8,10,9,0,12,5,2,1,3
掌趣科技,0,0,2,0,0,2,1,0,0,0,0,2
三联虹普,0,2,0,3,1,1,2,1,0,0,0,0
华丽家族,0,0,0,0,0,0,0,0,0,0,2,0
刚泰控股,4,1,0,1,1,0,1,2,1,1,0,4
力帆股份,2,2,0,1,1,0,0,0,0,3,0,1
方盛制药,2,0,0,0,0,0,0,1,0,0,1,0
正邦科技,10,4,0,1,1,5,1,8,5,6,4,6
东方网络,0,0,0,3,0,1,0,1,0,0,1,1
法因数控,0,0,0,0,0,0,0,0,0,0,0,0
爱康科技,2,2,2,3,1,2,2,3,0,1,3,15
蒙发利,0,0,0,2,0,2,0,2,2,1,0,5
福瑞股份,0,2,0,1,1,2,0,4,0,2,0,5
嘉寓股份,1,0,0,0,0,1,0,2,0,1,0,0
瑞凌股份,0,0,0,1,0,0,0,0,0,0,3,0
安居宝,0,0,2,0,0,2,0,2,1,2,3,3
扬杰科技,3,0,0,0,1,0,0,0,1,0,1,3
敦煌种业,0,0,0,0,0,0,0,0,0,0,0,0
鹿港科技,0,1,0,0,1,4,0,1,1,0,0,0
紫金矿业,7,2,0,1,1,3,0,3,2,0,4,2
本钢板材,0,0,1,0,0,2,0,3,3,1,0,1
吉电股份,0,0,0,0,0,0,0,0,0,0,0,0
嘉凯城,0,0,0,0,1,1,1,2,0,1,2,1
三维通信,3,1,2,0,3,3,1,3,0,0,0,6
恒星科技,1,0,1,0,1,1,0,3,1,1,0,1
常铝股份,1,3,0,2,0,1,1,0,2,2,1,0
御银股份,0,1,0,0,0,1,0,1,0,0,0,4
武汉凡谷,1,0,0,0,0,0,0,1,1,1,0,5
新北洋,0,1,0,2,0,2,1,2,0,3,0,0
科士达,8,3,4,0,0,1,0,4,2,0,0,1
索菲亚,2,0,22,0,14,12,1,15,8,9,1,16
道明光学,1,1,3,2,2,0,0,0,1,0,2,4
友邦吊顶,8,0,0,0,0,4,0,6,5,3,1,2
天华超净,0,0,0,0,1,0,0,0,0,0,0,0
国机汽车,0,0,0,0,0,1,0,0,3,0,0,3
佳都科技,7,1,2,1,2,2,1,1,2,0,1,10
龙建股份,0,0,0,1,0,0,0,0,0,0,0,1
江南水务,4,1,3,2,2,6,2,1,1,2,0,1
中国中车,12,0,1,0,1,0,1,2,1,2,0,5
张家界,24,1,2,0,3,6,1,6,6,0,1,3
北部湾港,0,0,0,0,0,0,0,1,0,0,0,1
华媒控股,2,0,1,0,1,1,1,5,3,0,0,1
湖北能源,0,0,0,0,0,0,0,1,0,0,1,1
拓邦股份,1,1,0,0,0,2,1,3,2,4,1,2
东华能源,3,1,0,0,0,0,1,0,1,1,6,5
科大讯飞,12,4,0,5,0,9,0,8,1,2,0,12
九阳股份,10,0,0,0,2,3,1,2,0,0,0,2
南山控股,0,0,0,0,0,0,0,0,0,1,0,0
浙江众成,0,0,0,0,0,0,0,0,0,1,3,1
新界泵业,3,0,3,3,0,1,0,1,0,2,0,3
网宿科技,19,7,13,13,1,17,2,6,18,7,1,5
宋城演艺,13,15,5,4,14,14,11,19,15,2,14,28
美尔雅,0,0,0,0,0,0,0,0,0,0,0,0
太极集团,0,0,0,0,1,0,0,0,0,1,2,2
嘉宝集团,0,1,8,4,0,2,1,0,0,0,0,0
中航重机,0,0,0,0,0,0,0,1,1,1,0,0
中材国际,3,0,5,0,2,2,0,5,0,3,0,0
大同煤业,0,0,0,0,0,0,1,1,0,0,0,1
重庆钢铁,1,0,0,0,0,0,1,0,0,0,0,0
南风化工,0,0,0,0,0,0,0,0,0,0,0,0
长城动漫,0,1,2,1,0,1,1,0,1,0,1,0
新洋丰,6,3,4,1,1,10,1,11,2,7,2,12
亿帆鑫富,5,0,2,3,1,1,0,4,2,3,0,2
久联发展,0,0,0,0,0,3,0,4,1,0,2,2
沃尔核材,1,0,1,0,0,0,0,0,1,0,0,0
深圳惠程,0,0,0,0,0,0,0,0,0,0,0,0
必康股份,1,0,1,0,0,0,0,0,0,0,0,0
金固股份,2,2,2,1,8,4,0,10,3,4,4,6
大康牧业,0,0,0,0,0,0,0,0,0,0,0,0
闽发铝业,0,0,0,0,1,0,0,0,0,1,1,0
南都电源,11,3,3,5,6,8,1,9,2,10,0,5
常山药业,7,0,0,0,0,9,0,7,2,0,2,8
华虹计通,0,0,0,0,0,0,0,0,0,0,0,0
鹏翎股份,2,0,1,0,0,1,0,1,0,1,0,1
兴发集团,2,0,1,1,0,2,0,2,0,0,1,1
华升股份,0,0,0,0,0,0,0,0,0,0,0,0
国中水务,0,0,0,0,0,0,0,0,0,0,2,1
广东明珠,1,0,0,0,1,0,0,1,0,0,0,0
天药股份,0,0,0,0,0,0,0,0,0,0,0,0
漳州发展,0,0,0,0,0,0,0,0,0,0,0,0
华东医药,11,0,0,2,4,10,0,23,0,0,0,3
金螳螂,1,6,7,6,5,11,6,7,7,8,0,10
国脉科技,1,0,0,1,0,0,0,0,0,0,1,0
信邦制药,0,5,3,1,2,0,0,3,2,7,4,5
天广消防,0,0,0,0,1,1,0,1,0,0,0,4
万和电气,2,0,0,1,0,1,0,1,0,0,0,1
万安科技,8,4,1,3,2,0,0,0,0,0,0,1
乐普医疗,6,8,0,0,2,11,1,9,6,3,3,9
中际装备,0,0,1,0,0,0,0,0,0,0,0,0
泰格医药,3,2,2,2,1,2,0,4,1,1,0,12
啤酒花,0,0,0,0,0,0,0,0,0,1,0,0
香江控股,1,1,0,3,5,1,1,2,0,0,0,0
交运股份,0,0,0,0,0,0,0,0,0,0,0,0
东方集团,0,0,0,0,0,0,0,0,0,0,0,0
国际实业,0,0,0,0,0,0,0,0,0,0,0,0
友利控股,0,0,0,0,0,0,0,0,0,0,0,0
中钢国际,1,0,2,1,6,3,0,0,3,4,7,4
恒宝股份,2,1,0,1,0,3,0,3,0,1,5,0
中核钛白,0,0,0,1,0,0,0,0,0,0,0,0
德奥通航,2,0,2,1,0,0,0,0,0,0,0,0
众业达,1,0,0,2,1,0,0,0,0,0,0,1
华斯股份,8,4,2,0,2,1,0,2,1,5,7,0
圣阳股份,2,0,0,0,1,0,0,0,3,2,0,1
赞宇科技,1,0,1,1,2,0,0,1,0,0,1,0
金河生物,2,1,2,1,1,0,0,0,0,0,0,0
华测检测,5,2,5,0,1,1,0,1,1,0,0,2
恒顺众N,1,1,0,0,0,0,0,1,0,2,5,4
电科院,1,1,3,0,0,1,0,1,0,0,0,0
天和防务,0,0,0,0,0,0,0,0,1,1,0,0
长春燃气,0,0,0,0,0,0,0,0,0,0,0,0
冠豪高新,5,0,1,2,2,0,0,1,1,0,0,0
国睿科技,3,7,0,2,2,2,1,1,4,1,0,3
通化东宝,1,3,13,2,1,10,1,9,7,0,0,7
中国宝安,0,0,0,1,0,1,0,1,0,0,0,1
粤电力A,1,0,0,1,0,0,0,2,1,0,1,2
格力电器,5,1,2,6,10,2,3,8,2,7,0,25
永安林业,0,0,0,0,0,0,0,0,0,0,0,0
惠天热电,0,0,0,0,0,0,0,0,0,0,0,0
中房地产,1,0,0,0,0,1,0,1,0,0,0,0
康强电子,0,0,0,0,0,0,0,0,0,0,0,0
同德化工,0,0,0,0,0,0,0,0,0,0,0,0
中顺洁柔,1,2,0,0,1,3,0,0,0,0,0,0
亿利达,0,0,2,1,2,2,1,3,1,0,0,2
智慧松德,0,0,0,0,0,0,0,1,0,0,0,1
天喻信息,1,0,1,0,0,1,1,1,0,3,0,6
华宇软件,4,14,5,5,0,11,3,4,6,0,8,2
大名城,0,0,0,0,0,2,1,2,0,0,3,2
西宁特钢,0,0,1,0,0,2,0,1,0,0,3,0
申达股份,0,0,0,0,0,0,0,0,0,0,0,0
深华发A,0,0,0,0,0,0,0,0,0,0,0,0
海印股份,0,0,2,0,4,2,2,2,3,2,2,9
汉缆股份,0,0,0,0,0,0,0,0,0,0,0,0
欧浦智网,1,1,3,5,1,6,3,5,1,6,2,4
银轮股份,5,2,1,4,8,0,1,1,2,0,1,5
西部建设,3,0,0,0,0,1,0,2,0,2,0,0
千方科技,1,3,0,1,4,5,2,8,6,2,4,6
国创高新,0,0,0,0,0,0,0,0,0,0,0,0
益生股份,1,8,2,1,5,1,1,5,5,3,0,6
海格通信,0,1,0,1,0,9,1,8,3,1,0,8
搜于特,3,1,0,1,1,1,0,1,0,0,3,3
百润股份,8,0,2,0,1,10,1,4,21,3,8,6
海默科技,4,0,0,0,0,0,0,0,3,0,0,1
锐奇股份,0,0,0,0,0,1,0,1,0,4,0,0
南纺股份,0,0,0,0,0,0,0,0,0,0,0,0
科力远,0,2,2,9,3,1,0,0,0,0,0,2
国药股份,3,0,0,0,0,4,0,2,0,0,0,3
上工申贝,1,0,0,0,1,0,0,3,0,0,0,0
吉林高速,0,0,0,0,0,0,0,0,0,0,0,0
海南矿业,1,0,1,0,0,1,0,1,0,0,3,1
高新发展,0,0,0,0,0,1,0,2,0,0,0,0
彩虹精化,8,2,0,4,5,0,2,1,6,4,0,3
嘉欣丝绸,0,0,0,1,0,0,0,0,0,0,0,1
浙江永强,0,0,0,1,1,0,0,2,0,0,0,2
奥瑞金,12,8,2,0,17,7,0,17,13,11,1,8
特锐德,2,2,3,0,1,2,0,3,2,0,5,0
北陆药业,0,0,2,1,1,4,0,5,1,0,2,5
华伍股份,2,2,2,2,3,2,1,3,1,0,3,1
金城医药,2,1,0,0,0,3,0,5,0,2,2,5
天壕环境,4,2,4,0,0,5,6,6,2,4,4,3
东风汽车,0,1,0,0,1,0,1,0,1,0,0,0
南方汇通,5,3,0,1,0,3,1,3,1,0,0,5
云投生态,3,8,5,0,2,2,1,2,0,1,1,0
万马股份,0,2,2,2,0,3,0,4,3,4,3,4
四维图新,1,3,4,1,1,5,1,3,2,2,1,4
广联达,8,2,0,0,2,4,1,3,3,3,2,3
龙星化工,0,0,0,0,0,0,0,0,0,0,0,0
春兴精工,2,3,0,0,0,0,1,0,0,0,0,0
东江环保,13,6,1,0,11,0,3,7,2,3,3,8
国祯环保,0,0,0,0,1,5,1,4,0,1,0,5
长安汽车,13,5,7,6,12,4,4,9,4,0,3,22
国光电器,0,0,0,0,2,2,0,1,1,0,0,0
荣信股份,1,4,1,2,2,2,1,2,0,0,0,0
恒基达鑫,0,0,0,0,1,0,0,0,0,1,1,0
红旗连锁,1,7,0,4,1,5,0,9,2,8,0,6
吉峰农机,0,0,0,0,0,0,0,0,0,1,1,0
瑞普生物,1,3,3,0,1,7,0,6,3,4,0,6
阳谷华泰,0,1,0,0,0,0,0,0,0,0,1,0
开山股份,0,0,0,1,0,3,0,0,1,4,0,6
上海梅林,3,4,0,3,3,3,2,0,2,0,1,2
亿阳信通,4,2,0,1,0,3,0,0,0,0,0,1
三峡新材,0,0,0,0,0,0,0,0,0,0,0,0
宁波海运,0,0,0,0,1,0,0,0,0,0,0,0
中信重工,0,0,0,0,0,0,0,0,0,0,0,0
亚邦股份,0,0,0,0,0,0,0,0,0,0,0,0
珠江啤酒,0,0,1,0,1,0,0,0,0,0,0,0
中泰桥梁,0,1,2,0,0,2,0,2,1,0,0,0
台城制药,0,0,0,0,0,0,0,0,0,0,0,0
GQY视讯,1,1,1,0,1,1,0,1,0,0,0,0
国瓷材料,2,4,1,1,3,4,0,3,3,1,0,3
楚天科技,5,1,0,1,0,1,0,0,1,0,3,0
东方网力,3,7,0,0,0,4,12,2,4,2,4,1
康欣新材,0,0,0,0,0,0,0,0,0,0,0,0
通富微电,0,0,0,0,0,0,0,7,3,1,2,4
拓维信息,0,4,1,2,0,3,0,4,0,1,1,6
禾盛新材,0,0,0,0,0,1,0,0,1,0,0,0
神剑股份,0,0,0,0,0,0,0,2,0,1,2,0
上海绿新,3,2,0,4,6,1,1,3,0,0,0,0
金龙机电,0,0,0,0,0,0,0,0,0,0,0,0
长亮科技,0,1,0,0,1,0,1,1,0,0,2,1
凯乐科技,0,0,0,2,1,1,1,0,0,3,3,0
曙光股份,2,0,3,1,0,0,0,0,0,0,0,0
山东药玻,0,0,0,0,0,0,0,0,0,0,0,0
金洲慈航,0,3,0,0,1,1,2,0,2,0,1,2
云内动力,0,1,1,0,0,1,1,0,0,0,0,2
北斗星通,1,0,0,0,0,0,2,0,0,1,0,0
南洋科技,0,2,0,1,0,3,1,1,0,0,0,0
达实智能,5,2,5,8,2,3,0,1,4,1,4,0
弘高创意,0,0,2,3,1,3,0,3,1,1,0,1
长青集团,8,0,2,1,2,2,1,4,1,3,5,3
露笑科技,0,0,0,0,0,0,0,0,0,0,0,0
科新机电,0,0,0,0,0,0,0,0,0,0,0,0
天海投资,0,0,0,0,0,0,0,0,0,0,0,0
华映科技,0,0,0,0,0,0,0,0,0,0,0,0
神州信息,5,0,3,5,3,8,1,12,5,4,6,6
河钢股份,1,2,0,0,1,1,0,6,0,2,0,4
宗申动力,0,0,1,2,2,0,0,0,0,1,2,2
楚江新材,2,5,1,0,1,0,0,0,2,1,2,1
浩宁达,0,0,0,0,0,0,0,0,0,0,0,0
千山药机,0,0,0,0,1,1,0,1,2,0,0,0
青海春天,0,0,0,0,0,0,0,0,0,0,0,0
华胜天成,0,0,0,1,1,2,0,1,1,0,1,5
沱牌舍得,0,1,3,1,0,0,0,2,0,0,0,2
银座股份,4,0,0,0,0,3,0,3,0,0,2,7
恒立液压,0,1,0,2,5,6,0,4,2,0,1,1
世纪星源,0,0,0,0,0,0,0,0,0,0,0,0
风华高科,0,0,0,0,0,0,0,0,0,0,0,0
北大医药,0,0,0,0,0,0,0,1,2,0,0,0
乐通股份,0,0,0,0,0,0,0,0,0,0,0,0
百川股份,0,0,0,0,0,0,0,0,0,0,0,0
洽洽食品,16,5,2,4,4,2,1,3,6,2,6,11
汉威电子,2,1,0,3,1,3,2,3,0,0,1,2
天源迪科,5,4,1,0,2,3,0,4,0,0,0,4
荣科科技,0,1,1,3,0,0,0,0,0,0,0,0
西部矿业,0,0,0,0,0,1,0,0,0,0,0,0
大地传媒,0,0,0,0,0,0,0,0,0,1,1,1
塔牌集团,3,0,0,0,0,1,0,8,0,0,0,3
金新农,7,0,0,0,0,1,0,4,4,1,7,0
捷成股份,3,3,0,2,1,3,2,6,1,0,1,2
科隆精化,0,0,0,0,0,0,0,0,0,0,0,0
美丽生态,0,0,0,0,0,0,0,0,0,0,0,0
中天城投,1,2,2,0,2,6,0,2,3,2,3,3
九芝堂,0,0,0,0,0,0,0,0,0,0,0,0
海康威视,0,10,6,0,0,12,9,1,7,2,1,9
利君股份,0,0,0,0,0,2,1,1,0,1,3,1
茂硕电源,0,0,0,0,0,0,0,0,0,0,0,0
华平股份,0,0,0,0,0,1,0,1,0,0,0,0
博腾股份,7,1,0,0,1,0,4,1,0,0,1,2
浙江广厦,0,0,0,1,0,0,0,0,0,0,0,0
青海华鼎,0,0,0,0,0,0,0,0,0,0,0,0
西藏珠峰,2,0,0,2,0,1,0,2,1,2,0,0
湘电股份,2,1,0,0,3,2,1,1,6,0,1,1
百利电气,0,0,1,0,0,0,0,1,0,0,0,0
宁波建工,0,1,1,0,0,0,0,2,0,0,0,0
深圳华强,2,0,0,1,5,3,0,1,4,6,2,0
苏州固锝,0,0,0,0,0,1,1,1,0,1,0,0
精艺股份,2,0,1,0,0,0,0,0,0,0,0,0
辉煌科技,1,3,1,3,2,2,0,2,0,0,0,1
三五互联,0,0,1,1,0,0,0,0,0,0,0,0
新开源,0,1,2,2,0,1,1,2,0,0,0,2
上海家化,11,0,1,1,0,6,1,9,0,6,2,6
中天科技,1,5,3,1,2,8,1,5,2,2,3,5
中海海盛,2,1,0,0,3,0,0,1,0,0,0,0
巴士在线,2,0,2,1,0,0,0,0,1,0,0,0
康得新,9,3,3,6,3,5,2,2,9,1,7,9
佰利联,3,8,1,0,0,2,0,4,8,6,1,2
中国国旅,5,16,4,8,3,7,2,13,2,13,0,8
远兴能源,0,0,0,0,0,0,0,0,0,0,0,1
科陆电子,0,2,1,5,1,4,0,3,1,5,3,3
美邦服饰,0,0,0,0,0,0,0,2,1,0,0,4
得利斯,0,0,0,0,2,0,0,0,0,1,0,2
奥拓电子,3,0,0,1,0,0,0,1,0,2,0,2
中金环境,12,4,5,5,15,12,1,10,3,9,1,6
联创光电,0,0,0,0,0,0,0,0,0,0,0,0
涪陵电力,12,0,0,0,0,0,0,0,0,0,0,0
方大炭素,0,1,0,2,0,2,0,2,6,1,0,4
航天通信,0,0,0,0,0,1,1,0,0,1,2,0
智光电气,9,4,4,7,0,0,0,0,3,3,4,4
海陆重工,2,1,0,0,0,0,0,3,1,0,2,1
皇氏集团,10,6,2,5,2,3,0,4,0,4,4,0
科融环境,0,2,0,0,0,0,0,2,2,3,4,4
科斯伍德,0,0,0,1,2,0,0,0,0,0,0,0
长荣股份,0,0,0,0,0,3,0,6,0,0,1,10
日科化学,0,0,0,0,0,0,0,3,0,0,0,1
金明精机,0,1,0,0,0,0,0,4,3,2,0,1
信雅达,1,0,0,0,0,0,0,1,5,1,0,1
陆家嘴,10,0,1,0,0,4,0,0,3,0,0,2
东方银星,0,0,0,0,0,0,0,0,0,0,0,0
新华龙,0,0,0,0,0,0,0,0,0,0,0,0
中润资源,0,0,0,0,0,0,0,0,0,0,0,0
佛塑科技,0,1,0,0,0,0,0,0,0,4,0,0
联创电子,0,0,0,0,0,0,0,0,0,0,0,0
长城影视,1,0,0,0,1,1,0,3,2,2,2,1
江粉磁材,0,0,0,0,0,1,0,1,0,1,0,0
首航节能,3,5,0,9,2,5,3,6,6,0,3,3
思创医惠,9,3,3,3,2,9,2,2,0,3,2,1
锦富新材,0,0,0,0,0,0,1,0,0,0,0,0
赢时胜,1,0,0,0,0,0,0,0,1,0,0,0
黄河旋风,0,1,1,3,8,3,3,2,8,0,2,4
华纺股份,0,0,0,0,0,0,0,0,0,0,0,0
上海电气,2,2,0,0,0,2,1,5,5,2,2,12
华讯方舟,0,0,0,0,1,0,0,0,0,0,0,0
新华制药,2,0,2,1,0,0,0,0,0,0,0,0
芭田股份,0,0,0,0,1,3,0,0,11,0,10,14
华西能源,9,3,7,7,0,8,1,7,6,5,0,2
中科电气,0,0,0,0,0,0,0,0,0,0,0,0
康耐特,0,0,1,1,2,3,0,3,1,0,1,0
科恒股份,0,0,0,0,0,0,0,0,0,0,0,0
英特集团,0,0,0,0,2,0,0,0,0,2,0,0
海德股份,1,4,1,1,4,0,0,0,0,0,0,0
华菱钢铁,3,1,0,1,4,3,0,2,6,0,1,2
振芯科技,6,1,0,3,2,10,0,6,2,5,0,2
蒙草抗旱,0,0,0,0,1,0,0,2,0,1,0,2
万家文化,3,2,0,2,1,2,0,0,1,0,1,0
新世界,0,2,0,0,1,2,0,4,3,4,0,0
鲁银投资,0,0,0,0,0,0,0,0,0,0,0,0
浙大网新,0,0,0,1,0,0,0,1,0,2,0,0
凯迪生态,0,1,0,2,1,3,0,0,2,0,3,4
省广股份,13,1,1,2,0,4,0,2,0,5,0,8
瑞和股份,0,1,0,0,0,2,1,5,0,1,2,2
摩登大道,0,0,0,0,0,0,0,0,0,0,0,0
银之杰,0,0,0,1,1,2,0,3,1,1,0,0
上海钢联,0,0,2,4,0,4,0,4,2,0,1,2
博信股份,0,0,0,0,0,0,0,0,0,0,0,0
盘江股份,2,0,0,1,1,1,0,2,2,0,0,6
蓝光发展,0,0,1,0,0,0,0,1,1,2,0,1
新华医疗,0,0,0,0,6,0,0,2,0,0,0,5
紫光股份,0,1,1,0,0,12,2,1,0,0,3,0
雅百特,5,3,0,1,3,1,1,1,2,0,0,0
宝莫股份,0,0,0,0,0,0,0,0,0,0,0,0
永利股份,7,2,8,2,4,5,3,10,4,1,1,2
精伦电子,1,0,2,1,0,1,0,0,0,0,0,0
飞乐音响,0,0,0,1,0,0,0,1,0,2,0,2
维格娜丝,0,0,0,2,0,0,0,1,1,0,0,2
威海广泰,4,3,0,2,3,4,1,1,2,1,2,4
大东南,0,0,0,0,1,0,0,0,0,0,0,0
银河电子,1,0,0,0,0,7,1,4,0,5,0,4
慧球科技,0,0,1,1,1,0,0,0,0,0,0,0
岳阳林纸,4,0,0,1,1,7,0,1,5,5,0,0
巨轮智能,0,0,0,0,0,0,0,1,0,1,0,3
黑牛食品,0,0,0,1,0,0,1,1,1,3,0,3
北京利尔,0,0,0,0,0,1,0,3,0,1,3,1
兆驰股份,2,4,1,7,1,7,2,7,0,5,1,2
佳讯飞鸿,2,0,0,0,4,3,1,1,4,5,0,2
迪瑞医疗,0,0,1,0,0,4,3,6,1,2,0,0
信威集团,1,0,9,1,0,0,0,0,0,0,0,1
上海物贸,0,0,0,0,0,0,0,0,0,0,0,0
远望谷,0,0,1,0,0,0,1,1,1,0,1,2
九洲电气,1,0,0,0,0,0,0,0,0,0,0,0
和顺电气,1,0,0,0,4,1,1,1,0,0,0,0
金鹰股份,1,0,0,0,0,0,0,0,0,0,0,0
天业股份,0,0,0,1,0,0,0,0,0,3,0,1
博威合金,1,0,0,0,0,0,0,1,0,2,0,0
风范股份,0,0,0,0,2,1,0,0,0,0,2,1
达安基因,1,1,0,0,2,2,0,1,2,0,0,0
科林环保,0,0,0,0,0,0,0,0,0,0,0,0
盛通股份,1,0,0,2,0,1,0,1,1,0,0,0
博彦科技,3,0,0,0,0,2,0,1,0,1,2,2
碧水源,1,6,0,15,11,17,6,20,0,0,0,0
依米康,3,0,0,0,0,0,0,0,0,0,0,0
恒华科技,4,0,2,0,0,6,0,1,0,1,2,0
康恩贝,0,0,2,3,3,3,0,4,7,3,2,9
海虹控股,0,1,0,0,0,3,1,6,0,3,1,3
鼎汉技术,4,5,8,0,0,3,0,4,1,2,1,5
红日药业,5,2,1,2,0,9,0,6,2,6,0,4
瑞丰光电,0,0,0,0,1,1,1,1,0,0,0,0
南大光电,0,0,2,1,1,0,0,0,0,0,0,1
罗平锌电,0,0,0,0,0,0,0,0,0,0,0,0
富临运业,0,1,0,0,0,0,0,1,0,0,0,0
华宏科技,0,0,0,0,0,0,0,0,0,0,0,0
佐力药业,2,0,5,0,0,3,4,4,1,2,2,3
潜能恒信,0,0,0,0,0,0,0,0,0,0,0,2
海伦哲,0,0,0,1,1,0,0,1,0,0,0,0
北信源,1,0,0,1,0,3,3,2,0,3,3,3
中孚实业,3,0,0,0,0,0,0,0,0,0,0,0
联明股份,2,1,0,2,1,0,0,0,0,0,0,0
丽珠集团,8,2,3,1,0,3,0,3,0,0,8,4
当代东方,1,0,0,2,1,0,1,3,5,0,3,1
大洋电机,13,1,7,2,0,10,1,2,10,7,0,0
海普瑞,0,0,0,0,0,0,0,0,0,0,0,0
智云股份,0,2,6,2,0,3,0,3,3,1,0,0
开能环保,0,0,0,1,1,0,0,1,0,0,0,0
吴通控股,0,1,1,0,2,4,7,3,1,0,1,6
汉鼎股份,1,0,1,2,2,4,3,1,7,5,3,3
邦讯技术,0,0,1,1,0,0,0,1,0,0,0,3
腾信股份,1,0,2,2,1,3,0,3,2,1,3,3
东方金钰,0,0,0,0,0,0,0,0,0,0,0,0
光明乳业,0,3,0,0,6,0,2,6,5,10,0,4
江南化工,1,0,0,1,0,0,1,1,1,0,0,0
泰尔重工,0,1,0,1,1,0,0,0,0,1,0,0
宝鼎科技,0,0,0,0,0,0,0,1,0,0,0,0
信质电机,0,0,3,2,0,3,0,2,1,2,0,1
航天机电,0,2,0,0,2,2,0,1,0,3,0,3
五粮液,28,1,0,10,12,12,0,13,4,0,6,25
方正电机,11,5,5,0,1,5,4,5,2,0,0,0
中利科技,1,2,2,1,5,5,4,3,2,0,0,6
新纶科技,2,7,1,1,0,0,0,1,0,0,0,2
胜利精密,8,2,2,3,4,4,1,6,3,0,0,0
榕基软件,0,0,0,5,0,0,0,0,0,0,0,0
康达新材,0,2,3,1,0,3,1,2,0,0,0,0
海欣食品,0,1,1,0,0,0,0,0,0,0,1,0
华谊兄弟,9,2,3,2,7,8,0,5,1,3,2,9
高新兴,0,3,4,8,2,4,0,2,3,3,0,0
万达信息,0,2,0,5,0,4,3,8,11,4,1,12
雅本化学,2,0,0,3,0,2,0,0,0,2,0,4
朗玛信息,0,0,0,0,2,0,0,0,0,0,0,0
蓝盾股份,2,1,1,1,2,3,2,1,0,0,0,1
三诺生物,0,2,0,0,1,9,1,11,3,1,0,1
浪潮软件,1,0,1,0,0,0,0,0,0,0,0,0
综艺股份,0,0,0,0,0,0,0,0,0,0,0,1
轻纺城,1,0,0,0,0,2,0,5,0,0,0,8
国投电力,0,2,2,0,1,1,3,0,0,2,0,4
设计股份,1,0,0,0,0,1,0,2,0,0,0,2
韶能股份,0,1,0,2,2,0,0,0,0,0,0,2
盾安环境,2,8,1,4,1,4,0,3,4,3,0,3
卫士通,5,1,0,1,1,1,2,9,1,0,1,5
亚夏汽车,4,1,0,0,0,0,0,1,0,1,0,0
麦捷科技,0,1,0,1,0,1,0,1,1,0,0,0
天银机电,0,0,0,0,0,4,0,5,0,2,0,5
银星能源,0,0,0,0,0,0,0,0,0,0,0,0
爱施德,1,0,0,0,1,0,0,0,2,0,0,1
雏鹰农牧,6,0,6,4,1,3,1,11,7,8,6,10
三七互娱,6,0,0,0,0,3,1,6,0,0,7,0
金达威,2,2,0,1,0,0,0,1,0,0,0,1
东诚药业,1,1,0,0,0,2,0,3,3,1,2,2
腾邦国际,1,0,3,6,10,5,0,6,10,20,3,8
福安药业,0,0,4,1,1,2,0,3,0,0,0,1
澄星股份,0,0,0,0,0,0,0,0,0,0,0,0
宁波韵升,3,1,0,1,0,3,0,4,1,3,5,6
熊猫金控,0,0,0,0,0,0,0,0,0,0,0,0
山西焦化,0,0,0,0,0,0,0,0,0,0,0,1
中国天楹,5,1,0,0,0,0,0,2,1,1,2,0
渤海金控,0,0,1,1,2,3,1,2,3,1,4,3
仁和药业,2,0,0,0,0,1,1,0,0,0,0,0
新兴铸管,1,0,0,1,0,4,3,2,1,0,2,7
云南铜业,0,0,0,0,0,0,0,0,0,0,0,0
通润装备,0,0,0,0,0,0,0,0,0,0,0,0
清新环境,0,1,0,0,1,6,2,7,3,1,0,8
京威股份,0,5,0,5,1,2,1,5,1,1,1,1
洲明科技,0,2,6,1,2,9,0,1,0,0,0,0
初灵信息,1,0,0,0,0,2,0,0,0,0,0,1
迪森股份,2,0,0,3,0,4,2,2,1,2,2,3
中兴商业,0,0,0,0,0,1,0,0,0,0,0,0
中国海诚,1,2,1,0,1,10,0,4,2,0,0,3
大立科技,0,0,0,0,0,2,0,0,0,0,0,1
齐星铁塔,0,0,0,0,0,0,0,0,0,0,0,0
康力电梯,9,2,0,0,1,4,3,2,0,0,1,4
猛狮科技,0,1,1,0,0,3,1,1,2,1,0,2
豫金刚石,3,0,1,1,3,5,1,0,2,0,6,3
江山股份,0,0,0,0,0,0,0,0,0,0,0,0
风神股份,0,0,0,0,0,0,0,2,1,1,0,4
中铁二局,0,0,0,0,0,0,0,0,0,0,0,0
盛达矿业,0,0,2,4,0,0,0,1,0,6,2,4
金岭矿业,0,0,0,0,0,0,0,1,0,0,0,0
德豪润达,0,0,0,0,0,0,0,1,0,1,0,0
雪莱特,3,3,0,0,1,1,1,2,0,1,0,1
大港股份,0,0,1,1,0,1,1,1,0,0,5,1
金智科技,7,2,0,0,2,2,0,0,0,0,0,1
三泰控股,0,0,0,2,2,4,2,9,6,7,6,3
中化岩土,1,0,1,0,0,0,0,1,2,1,0,1
浙江美大,0,1,0,1,1,1,0,1,0,0,0,0
海兰信,5,2,4,4,0,7,2,0,4,4,0,4
科泰电源,0,0,0,0,0,1,1,0,0,0,0,0
长海股份,5,1,3,0,2,13,0,8,1,0,0,9
新日恒力,0,0,0,0,1,0,0,0,0,0,0,0
万通地产,1,1,0,0,0,0,0,0,0,0,0,0
传化股份,10,1,4,3,2,0,2,4,2,1,0,0
七星电子,4,0,3,1,0,0,0,0,0,0,0,0
通鼎互联,0,0,0,3,1,1,2,2,3,3,10,6
富瑞特装,2,1,0,0,0,1,0,10,6,1,0,13
汇金股份,1,0,0,2,0,0,0,0,0,0,0,0
迦南科技,0,0,0,0,0,0,0,0,0,0,0,0
宏达矿业,0,0,0,0,0,0,0,0,0,0,0,0
大连圣亚,7,1,1,2,1,4,0,1,0,0,1,0
大连控股,0,0,0,0,0,0,0,0,0,0,0,0
康达尔,0,0,0,0,0,0,0,3,1,0,1,1
模塑科技,3,3,0,0,0,0,0,0,0,0,0,2
万顺股份,0,0,0,0,0,0,0,0,0,0,1,0
新文化,6,2,0,3,2,8,2,8,1,1,7,13
东华实业,0,0,0,0,0,0,0,0,0,0,0,0
中衡设计,1,5,0,0,1,0,1,0,0,0,0,0
万方发展,0,0,0,1,4,2,0,0,1,1,0,0
利亚德,10,4,0,2,1,8,0,6,1,0,1,1
保千里,3,2,1,1,1,0,1,2,0,2,2,2
大杨创世,3,0,1,0,0,2,0,2,0,0,1,1
海南椰岛,0,0,0,0,0,0,0,0,0,1,1,1
新华锦,0,1,0,3,1,0,1,0,0,0,0,0
哈投股份,0,0,0,0,0,0,0,0,0,0,0,0
智慧能源,0,2,1,2,1,0,3,2,1,0,1,8
万科A,16,2,3,14,8,16,8,30,20,11,13,19
兴森科技,1,0,0,2,4,1,0,1,0,4,1,3
中牧股份,9,0,0,0,4,1,0,6,0,0,0,7
中央商场,0,0,0,0,1,1,0,3,4,2,6,3
恒丰纸业,0,0,0,0,0,1,0,1,0,0,0,0
城投控股,1,0,0,0,0,2,0,1,0,0,0,0
新能泰山,0,0,0,0,0,0,0,0,0,0,0,0
三毛派神,0,0,1,1,0,0,0,0,0,0,0,0
茂业通信,0,0,0,0,1,1,0,2,0,0,0,2
新华都,0,0,0,0,0,0,0,0,0,0,1,0
洪涛股份,4,4,0,1,5,1,3,1,0,0,0,6
新亚制程,0,0,0,0,0,0,0,0,0,0,0,0
五矿发展,5,1,0,5,6,3,0,5,3,5,2,1
天宸股份,0,0,0,0,0,0,0,0,0,0,0,0
奥瑞德,2,1,0,2,0,0,0,1,3,1,0,0
金瑞矿业,0,0,0,0,0,0,0,0,0,0,0,0
江苏索普,0,0,0,0,0,0,0,0,0,0,0,0
辅仁药业,0,0,1,0,0,0,0,0,0,0,0,0
郑煤机,0,0,1,0,0,1,0,1,0,0,0,1
森源电气,0,0,0,0,1,0,0,0,4,10,0,10
中青宝,2,0,0,0,0,0,0,0,0,0,0,0
浪莎股份,0,0,0,1,1,0,0,0,0,0,0,1
太极实业,3,0,1,0,0,0,0,3,1,0,0,1
文山电力,0,0,1,0,1,0,0,1,0,0,0,1
凯恩股份,0,0,0,0,0,0,0,0,0,0,0,0
宝鹰股份,5,2,3,3,0,3,1,3,0,0,2,4
宝利国际,0,0,0,0,0,1,0,0,0,0,0,0
通葡股份,0,0,0,0,0,0,0,0,0,0,0,0
彩虹股份,0,0,0,0,0,1,0,1,0,0,0,0
中国中冶,2,0,0,6,0,2,0,1,0,0,0,2
宝安地产,2,0,0,0,1,0,0,0,0,0,0,0
苏宁环球,1,0,0,1,6,8,4,5,5,4,4,2
尤夫股份,0,0,0,0,0,0,0,0,0,0,0,0
棕榈股份,5,4,1,2,4,1,1,0,6,11,6,10
超图软件,12,1,4,3,0,7,0,8,5,5,3,2
先锋新材,0,0,0,0,0,0,0,0,0,1,1,0
金盾股份,0,0,0,0,0,1,2,0,0,1,0,2
京能电力,0,0,0,0,0,0,0,0,1,0,0,1
锦江股份,5,0,0,0,6,5,7,6,0,1,3,8
唐山港,0,0,1,0,0,0,0,1,0,0,0,1
新海宜,1,0,1,2,0,7,5,4,2,4,5,7
威创股份,4,7,10,0,3,2,0,0,0,0,0,0
新时达,1,0,0,0,0,4,1,3,0,3,2,4
海南瑞泽,0,0,0,0,0,0,0,1,0,0,0,0
隆华节能,0,0,2,0,0,2,0,1,0,1,0,5
吉艾科技,1,0,0,0,0,2,1,3,3,2,1,2
国发股份,0,0,0,0,0,0,0,0,0,0,0,0
美达股份,0,0,0,0,0,0,0,1,0,0,0,1
神开股份,0,0,0,0,0,0,0,0,0,0,0,1
中超控股,0,0,0,0,0,0,0,0,0,0,0,0
顺网科技,0,3,1,1,4,8,0,9,0,0,0,8
长园集团,1,3,2,0,3,3,0,4,3,1,1,7
大西洋,0,0,0,0,0,0,0,0,0,0,0,0
青岛海尔,5,1,12,0,11,1,2,7,1,3,13,11
神州高铁,0,0,0,1,2,1,1,2,1,1,0,0
贵糖股份,0,0,0,0,0,0,0,0,0,0,0,0
云南盐化,3,1,0,0,0,1,0,4,0,0,1,0
江特电机,4,0,0,1,1,1,0,1,0,0,0,2
长生生物,0,0,0,0,0,0,0,0,0,0,0,0
美盛文化,0,2,3,10,12,3,0,4,2,4,4,4
晶盛机电,1,0,1,0,0,1,0,0,1,0,0,2
旋极信息,1,0,0,0,0,0,0,0,0,0,0,0
江苏吴中,0,0,0,0,0,0,0,0,0,0,0,0
哈空调,0,0,0,0,0,0,0,0,0,0,0,0
赤天化,0,0,0,0,0,0,0,0,0,0,0,0
通威股份,0,1,0,2,1,4,1,4,4,1,10,3
新华百货,0,0,0,1,0,1,0,2,1,1,3,4
焦作万方,0,0,0,0,0,0,0,0,0,0,0,2
艾派克,3,1,1,4,4,10,1,0,0,0,0,0
合康变频,0,4,1,2,2,0,0,0,0,0,0,0
蓝色光标,1,1,6,0,7,3,0,6,1,10,0,7
炬华科技,9,2,3,0,1,1,0,0,0,1,0,0
武昌鱼,0,0,0,0,0,0,0,0,0,0,0,0
广汇汽车,3,2,5,7,0,1,1,0,0,0,0,0
江西长运,1,1,0,0,1,0,0,0,0,0,0,2
粤高速A,2,0,0,0,0,0,0,0,1,0,0,0
中鼎股份,2,0,2,1,1,2,0,1,0,3,0,2
东华软件,0,0,0,1,1,1,1,3,3,0,9,8
奥飞娱乐,10,2,7,3,8,4,0,14,0,0,5,9
奥马电器,0,1,0,4,4,1,0,0,0,0,0,0
银江股份,0,0,1,11,0,4,0,7,1,4,5,9
美亚柏科,3,0,2,3,2,2,0,3,0,0,1,2
光环新网,9,4,0,0,2,5,1,0,0,2,4,2
深康佳A,0,0,0,0,0,0,0,0,0,0,0,0
深赛格,1,0,0,0,0,0,0,0,0,1,0,0
精功科技,1,1,0,0,4,1,0,0,1,0,0,0
升达林业,0,1,0,4,0,0,0,0,0,0,0,0
金字火腿,0,0,0,1,0,0,0,1,0,0,0,0
岭南园林,3,0,0,0,4,3,5,6,4,1,0,0
金利华电,0,0,0,0,0,0,0,0,0,0,0,0
南山铝业,0,1,2,0,0,0,0,2,0,0,0,0
苏州高新,2,0,1,0,1,0,0,2,0,0,0,1
科达股份,2,0,0,0,0,0,0,0,0,0,1,0
新大洲A,1,0,0,2,0,2,0,0,0,1,0,1
中泰化学,3,1,0,0,0,1,0,2,0,0,0,0
林州重机,0,0,0,0,0,0,0,0,0,0,0,0
双龙股份,0,0,0,0,1,0,0,0,0,0,0,5
聚光科技,9,7,3,7,5,8,3,10,0,0,0,4
富邦股份,0,1,1,2,0,0,0,0,0,0,0,0
创维数字,11,3,3,0,0,4,0,4,3,0,3,0
中捷资源,1,0,0,0,0,1,0,1,0,0,0,0
青岛金王,2,10,4,11,3,4,0,3,3,0,0,4
顺威股份,0,0,0,0,0,0,0,0,0,0,0,0
鼎龙股份,8,6,0,1,1,4,1,3,1,1,0,5
乐视网,5,0,2,6,3,7,6,6,4,7,6,8
万讯自控,0,0,0,0,0,0,0,0,1,0,1,0
鼎立股份,0,1,0,0,2,0,0,1,0,0,0,0
丰林集团,0,0,0,0,0,0,0,0,0,0,0,0
阳光股份,1,0,0,0,0,0,0,1,0,0,0,0
英洛华,0,0,3,3,0,0,0,0,0,0,0,0
莱茵生物,0,0,0,0,0,0,0,0,0,0,0,0
高乐股份,0,0,1,0,3,0,0,0,0,1,1,0
天神娱乐,3,0,0,0,1,8,0,3,1,0,0,5
宜通世纪,5,2,3,1,1,0,0,2,0,0,1,2
铜峰电子,0,0,2,0,0,0,0,0,0,0,0,0
盛和资源,0,0,1,0,7,0,0,0,0,0,0,3
博通股份,0,0,0,0,0,0,0,0,0,0,0,0
中技控股,0,0,0,0,0,0,0,0,0,0,0,0
炼石有色,4,0,1,2,1,0,0,0,0,0,0,1
中海科技,0,0,0,0,0,0,0,1,0,0,0,0
华中数控,1,4,0,0,1,0,0,0,0,0,1,1
维尔利,8,2,2,0,3,2,0,5,0,0,0,2
新力金融,1,0,0,0,0,0,1,0,0,0,0,0
四环生物,0,0,0,0,0,0,0,0,0,0,0,0
华闻传媒,0,0,0,0,0,0,2,0,0,0,0,1
三湘股份,0,0,1,0,0,1,1,1,4,0,0,0
三特索道,9,2,3,2,2,2,3,7,8,2,1,2
美盈森,7,4,2,0,4,0,0,4,2,0,8,9
飞利信,0,0,3,1,1,4,5,3,0,0,1,2
联创股份,2,0,1,0,0,2,0,1,0,0,1,0
天翔环境,0,0,0,1,0,3,0,3,1,2,1,0
溢多利,0,0,0,0,0,0,0,0,0,0,0,0
商赢环球,1,0,1,0,4,0,0,0,1,0,0,0
中远航运,0,0,0,0,0,2,0,2,0,0,0,2
泰豪科技,1,1,2,0,2,1,0,1,2,3,0,0
渤海活塞,1,0,0,0,0,0,0,0,0,0,0,0
黑芝麻,1,2,2,1,2,1,0,6,1,0,4,8
永太科技,0,0,0,0,0,1,0,1,3,2,6,4
高德红外,1,4,0,1,3,3,2,1,0,0,0,1
天马精化,0,0,0,1,0,0,0,0,0,0,0,1
唐人神,2,1,0,0,0,2,0,4,1,1,4,7
长信科技,3,2,0,2,2,2,0,3,0,2,1,2
明家联合,8,8,4,1,3,2,1,1,1,3,0,0
远方光电,1,2,0,0,0,0,0,0,1,6,2,3
浙报传媒,1,1,0,5,1,1,3,2,1,0,2,5
梅花生物,2,0,0,0,1,5,2,13,6,5,5,12
航天电子,1,4,1,1,1,1,2,1,0,0,0,0
宁波热电,0,0,0,0,0,0,0,0,0,0,0,0
海南海药,1,1,2,9,1,1,0,1,0,2,0,4
围海股份,9,2,6,0,0,1,0,2,0,0,0,4
中能电气,0,0,0,0,0,0,0,0,0,0,0,0
重庆路桥,0,0,0,0,1,0,1,1,0,1,0,1
三元股份,0,0,3,0,0,0,0,1,1,0,0,2
博瑞传播,0,0,3,1,0,2,1,2,0,3,1,0
江苏神通,1,5,7,0,2,2,0,0,0,1,0,2
青松股份,0,0,0,0,0,0,0,0,0,0,0,0
巴安水务,2,2,2,3,4,4,0,3,4,2,0,5
西藏药业,9,1,0,0,1,0,0,5,0,0,0,1
平高电气,2,16,2,4,7,3,1,4,0,1,1,5
友好集团,0,0,0,0,0,5,0,3,0,0,0,2
赤峰黄金,2,1,2,1,1,0,0,0,2,2,1,4
新澳股份,1,0,0,0,0,0,0,1,0,0,0,1
广弘控股,0,0,0,0,0,0,0,0,0,0,0,0
鑫茂科技,0,0,0,0,0,0,0,0,0,0,0,1
西仪股份,0,0,0,0,0,0,0,0,0,0,0,0
艾迪西,3,3,0,6,0,1,0,0,0,0,0,0
金贵银业,1,0,0,0,0,0,0,0,0,0,0,1
互动娱乐,0,1,1,0,5,4,1,3,0,0,1,1
恒泰艾普,0,1,0,1,0,1,0,1,0,0,1,4
亿利洁能,0,0,0,0,0,2,0,1,0,0,2,9
仪电电子,1,1,0,1,0,0,0,0,0,0,0,0
东北电气,0,0,0,0,0,0,0,0,0,0,0,0
伟星股份,3,1,1,0,2,5,0,1,0,0,0,3
北化股份,0,0,0,0,0,0,0,0,0,0,0,0
万润科技,1,0,0,2,2,0,0,0,0,0,0,0
思美传媒,1,1,2,0,5,0,1,3,0,0,0,1
吉林森工,0,0,0,0,0,0,0,0,0,0,0,0
栖霞建设,3,0,0,1,0,3,0,2,0,0,0,0
迪马股份,2,2,1,2,0,1,0,2,1,0,2,0
中炬高新,0,3,0,2,3,14,15,8,0,0,0,20
银润投资,0,0,0,0,2,0,1,0,0,0,0,0
世纪瑞尔,5,0,1,1,4,2,0,1,0,0,0,5
浙江富润,2,0,0,0,0,0,0,0,0,0,0,0
金证股份,7,0,4,0,0,10,0,7,2,4,0,3
匹凸匹,0,0,0,0,0,0,0,0,0,0,0,0
西藏旅游,1,4,0,0,2,0,2,2,0,0,0,4
湖北广电,2,0,0,0,0,0,0,0,0,0,0,0
高升控股,6,4,4,3,1,0,3,2,8,0,1,2
分众传媒,1,1,0,0,1,0,1,0,0,0,0,0
同方国芯,4,1,0,0,6,8,0,10,4,2,6,10
宁波东力,0,0,0,0,0,0,0,0,0,0,0,0
天威视讯,1,0,0,1,0,0,0,1,0,0,0,1
超华科技,0,0,0,0,0,0,0,0,0,0,0,0
南方轴承,0,1,0,0,0,0,0,0,0,0,0,1
方直科技,0,0,0,0,0,1,1,0,0,0,0,0
均胜电子,19,7,1,0,0,9,2,11,3,3,2,10
运盛医疗,0,0,0,0,0,0,1,1,3,2,2,5
康尼机电,1,0,1,1,2,7,5,1,0,0,1,9
金浦钛业,0,0,0,0,0,1,1,0,1,0,0,0
西安民生,0,0,0,0,1,2,0,0,0,1,0,0
山东威达,1,3,3,5,0,0,0,0,0,0,0,0
慈文传媒,0,2,0,0,8,4,1,0,3,0,0,3
一心堂,2,7,4,6,0,8,1,8,0,0,0,5
实达集团,0,0,1,0,0,0,0,0,0,0,0,0
广誉远,2,2,0,0,1,0,1,0,0,0,3,0
中海集运,3,0,1,0,0,3,0,3,0,0,0,6
怡亚通,2,5,1,0,0,5,0,5,1,2,5,6
三力士,5,4,11,2,1,0,0,0,0,0,0,4
冀凯股份,0,0,0,0,0,0,0,0,0,0,0,0
阳普医疗,0,0,0,0,1,0,0,1,1,0,2,4
华灿光电,0,0,0,0,0,0,0,0,0,0,0,0
太空板业,0,0,0,0,0,0,0,0,0,0,0,0
中海发展,3,0,0,3,0,2,0,2,1,0,1,5
创兴资源,0,0,0,0,0,0,0,0,0,0,0,0
三联商社,0,0,0,0,0,0,0,0,0,0,0,0
中国远洋,3,0,0,0,0,2,0,3,1,0,3,2
首钢股份,0,1,2,0,0,2,2,2,1,0,0,2
杰瑞股份,1,0,0,0,2,1,0,2,0,0,0,7
明牌珠宝,0,0,1,2,0,2,0,0,0,0,0,2
天泽信息,0,0,0,0,0,0,0,0,0,0,0,2
金运激光,0,0,0,0,0,0,0,1,1,1,1,4
凯利泰,0,1,0,0,0,0,0,3,1,2,0,1
永贵电器,3,5,2,0,1,5,1,5,5,2,1,3
道博股份,0,6,0,1,2,1,1,4,2,0,0,0
斯太尔,0,0,0,1,0,0,0,0,0,0,0,0
中弘股份,0,0,0,0,0,0,0,0,0,0,0,0
豫能控股,0,0,0,0,0,0,0,0,0,0,0,0
鸿达兴业,4,1,0,3,11,1,1,2,0,2,4,11
宁波华翔,3,1,2,0,0,0,0,2,1,0,2,2
山河智能,1,0,2,1,1,0,0,0,0,0,0,0
天龙集团,0,0,0,0,0,1,0,1,1,0,1,1
博雅生物,2,4,8,0,0,5,2,2,0,0,0,7
宏图高科,0,0,0,0,0,1,1,1,0,1,0,0
宝光股份,0,0,0,0,0,0,0,0,0,0,0,0
中天能源,1,3,3,1,2,3,0,1,2,3,1,0
上峰水泥,0,0,1,3,0,1,2,0,0,0,0,6
瑞康医药,3,2,3,1,2,1,0,1,0,0,0,8
龙泉股份,4,3,1,4,1,2,0,1,0,0,0,1
华贸物流,1,0,2,0,2,0,0,1,0,0,0,3
坚瑞消防,2,0,0,0,0,0,0,0,0,0,0,0
莲花健康,0,0,0,0,0,0,0,0,0,0,0,0
合锻股份,0,0,0,0,0,0,0,0,0,0,0,0
